CustomerID,CustomerName,Gender,Age,City,Region,SignupDate
1,Customer_1,Male,64,Mumbai,South,2024-08-02
2,Customer_2,Female,64,Jaipur,West,2021-08-17
3,Customer_3,Male,21,Mumbai,North,2021-02-21
4,Customer_4,Male,24,Hyderabad,North,2022-07-18
5,Customer_5,Male,62,Ahmedabad,North,2022-05-17
6,Customer_6,Female,52,Delhi,East,2022-04-03
7,Customer_7,Male,26,Kolkata,North,2021-10-13
8,Customer_8,Male,25,Bangalore,East,2021-07-29
9,Customer_9,Male,62,Pune,East,2024-10-17
10,Customer_10,Female,34,Lucknow,South,2024-01-22
11,Customer_11,Male,34,Delhi,South,2021-06-28
12,Customer_12,Male,50,Kolkata,North,2024-04-24
13,Customer_13,Male,49,Lucknow,West,2023-05-15
14,Customer_14,Male,25,Jaipur,North,2021-03-07
15,Customer_15,Female,36,Lucknow,South,2021-03-03
16,Customer_16,Male,55,Chennai,North,2021-07-11
17,Customer_17,Female,20,Delhi,South,2022-03-24
18,Customer_18,Female,22,Mumbai,North,2022-04-22
19,Customer_19,Female,30,Ahmedabad,West,2023-11-01
20,Customer_20,Male,64,Pune,North,2024-05-17
21,Customer_21,Female,63,Mumbai,West,2021-02-24
22,Customer_22,Male,48,Kolkata,West,2024-02-24
23,Customer_23,Female,33,Delhi,North,2022-02-12
24,Customer_24,Female,49,Ahmedabad,West,2025-01-06
25,Customer_25,Female,39,Lucknow,West,2024-08-23
26,Customer_26,Female,46,Delhi,South,2024-12-07
27,Customer_27,Female,39,Lucknow,South,2024-01-22
28,Customer_28,Female,60,Jaipur,West,2023-05-10
29,Customer_29,Female,20,Chennai,East,2022-03-28
30,Customer_30,Female,27,Hyderabad,North,2023-07-09
31,Customer_31,Male,59,Delhi,West,2024-04-21
32,Customer_32,Male,38,Kolkata,North,2022-07-24
33,Customer_33,Female,33,Lucknow,South,2021-01-14
34,Customer_34,Female,29,Mumbai,North,2021-11-23
35,Customer_35,Female,19,Jaipur,West,2024-11-30
36,Customer_36,Male,58,Kolkata,West,2023-05-16
37,Customer_37,Female,41,Pune,West,2022-11-28
38,Customer_38,Male,52,Hyderabad,West,2022-07-24
39,Customer_39,Male,47,Jaipur,East,2021-11-15
40,Customer_40,Male,47,Chennai,East,2022-03-17
41,Customer_41,Male,64,Hyderabad,East,2022-11-21
42,Customer_42,Male,52,Lucknow,West,2021-07-29
43,Customer_43,Female,36,Kolkata,East,2021-07-09
44,Customer_44,Female,25,Pune,North,2023-02-18
45,Customer_45,Female,43,Bangalore,West,2021-07-18
46,Customer_46,Female,57,Chennai,South,2023-01-06
47,Customer_47,Female,24,Ahmedabad,West,2022-12-06
48,Customer_48,Male,47,Lucknow,North,2024-05-21
49,Customer_49,Female,24,Bangalore,East,2022-06-26
50,Customer_50,Female,20,Delhi,West,2021-03-30
51,Customer_51,Male,18,Pune,East,2025-02-03
52,Customer_52,Female,53,Mumbai,West,2023-07-30
53,Customer_53,Male,42,Ahmedabad,North,2024-01-04
54,Customer_54,Female,54,Kolkata,West,2021-09-13
55,Customer_55,Male,18,Pune,East,2023-02-15
56,Customer_56,Female,32,Hyderabad,East,2021-06-11
57,Customer_57,Female,54,Jaipur,North,2024-02-05
58,Customer_58,Male,30,Hyderabad,West,2022-08-24
59,Customer_59,Male,57,Hyderabad,South,2024-07-11
60,Customer_60,Male,25,Delhi,West,2024-06-20
61,Customer_61,Male,22,Chennai,North,2023-01-11
62,Customer_62,Male,26,Mumbai,South,2024-03-28
63,Customer_63,Male,18,Ahmedabad,North,2022-01-29
64,Customer_64,Male,53,Chennai,West,2024-12-13
65,Customer_65,Male,52,Pune,South,2021-05-23
66,Customer_66,Female,19,Hyderabad,North,2021-04-04
67,Customer_67,Female,57,Delhi,East,2024-09-16
68,Customer_68,Male,40,Pune,South,2022-04-12
69,Customer_69,Female,26,Jaipur,South,2022-08-16
70,Customer_70,Female,51,Mumbai,North,2021-06-13
71,Customer_71,Female,63,Ahmedabad,East,2022-04-22
72,Customer_72,Female,31,Jaipur,South,2021-07-26
73,Customer_73,Male,21,Delhi,North,2023-02-18
74,Customer_74,Female,47,Mumbai,South,2022-07-24
75,Customer_75,Male,48,Pune,South,2023-07-18
76,Customer_76,Female,55,Hyderabad,South,2024-07-25
77,Customer_77,Female,28,Hyderabad,East,2023-01-18
78,Customer_78,Female,52,Lucknow,West,2021-11-30
79,Customer_79,Male,25,Hyderabad,West,2023-01-29
80,Customer_80,Female,20,Bangalore,East,2022-12-29
81,Customer_81,Male,31,Hyderabad,East,2022-03-06
82,Customer_82,Female,30,Bangalore,North,2024-10-04
83,Customer_83,Male,62,Kolkata,South,2022-07-01
84,Customer_84,Female,49,Bangalore,East,2024-12-08
85,Customer_85,Male,51,Mumbai,North,2024-10-31
86,Customer_86,Male,62,Jaipur,West,2024-08-20
87,Customer_87,Female,36,Mumbai,West,2021-05-27
88,Customer_88,Male,55,Jaipur,West,2024-06-01
89,Customer_89,Female,33,Lucknow,West,2024-07-24
90,Customer_90,Female,19,Kolkata,North,2021-12-17
91,Customer_91,Female,57,Jaipur,South,2023-12-30
92,Customer_92,Female,34,Jaipur,North,2025-02-02
93,Customer_93,Female,51,Delhi,South,2022-05-17
94,Customer_94,Female,59,Chennai,West,2021-12-01
95,Customer_95,Female,33,Chennai,East,2023-08-05
96,Customer_96,Female,55,Delhi,East,2023-02-17
97,Customer_97,Female,19,Hyderabad,East,2022-07-07
98,Customer_98,Female,19,Delhi,South,2024-08-03
99,Customer_99,Female,43,Jaipur,West,2024-11-10
100,Customer_100,Male,30,Jaipur,North,2024-02-15
101,Customer_101,Male,64,Delhi,East,2022-03-26
102,Customer_102,Female,48,Delhi,South,2024-11-03
103,Customer_103,Female,51,Hyderabad,East,2022-10-27
104,Customer_104,Female,56,Mumbai,North,2021-04-25
105,Customer_105,Female,20,Kolkata,West,2022-04-15
106,Customer_106,Female,25,Pune,North,2021-03-07
107,Customer_107,Female,40,Jaipur,West,2022-10-09
108,Customer_108,Female,31,Kolkata,West,2023-04-02
109,Customer_109,Female,44,Delhi,West,2022-07-03
110,Customer_110,Male,46,Hyderabad,East,2021-05-16
111,Customer_111,Female,56,Bangalore,North,2022-03-09
112,Customer_112,Male,56,Hyderabad,East,2024-03-07
113,Customer_113,Female,18,Ahmedabad,North,2025-01-10
114,Customer_114,Female,34,Ahmedabad,South,2022-10-07
115,Customer_115,Male,58,Kolkata,South,2022-03-12
116,Customer_116,Female,47,Chennai,North,2024-09-04
117,Customer_117,Male,30,Ahmedabad,North,2023-10-20
118,Customer_118,Female,38,Ahmedabad,North,2023-03-22
119,Customer_119,Female,36,Mumbai,North,2024-08-09
120,Customer_120,Male,36,Bangalore,West,2023-07-29
121,Customer_121,Female,42,Mumbai,East,2021-10-20
122,Customer_122,Male,39,Bangalore,West,2022-06-27
123,Customer_123,Female,48,Lucknow,East,2021-10-13
124,Customer_124,Male,34,Pune,East,2022-05-21
125,Customer_125,Male,40,Jaipur,East,2024-02-24
126,Customer_126,Female,49,Ahmedabad,West,2024-01-09
127,Customer_127,Female,27,Jaipur,North,2022-06-23
128,Customer_128,Male,27,Ahmedabad,West,2024-04-12
129,Customer_129,Female,53,Mumbai,West,2023-05-28
130,Customer_130,Female,25,Pune,East,2024-04-10
131,Customer_131,Female,37,Mumbai,South,2023-03-29
132,Customer_132,Male,49,Mumbai,South,2023-01-12
133,Customer_133,Male,31,Bangalore,West,2022-03-26
134,Customer_134,Male,45,Chennai,East,2021-10-11
135,Customer_135,Male,63,Hyderabad,West,2023-11-10
136,Customer_136,Male,41,Kolkata,West,2023-10-08
137,Customer_137,Male,32,Jaipur,North,2021-07-06
138,Customer_138,Male,39,Lucknow,East,2021-04-07
139,Customer_139,Male,47,Ahmedabad,South,2021-08-13
140,Customer_140,Male,21,Mumbai,South,2021-11-10
141,Customer_141,Female,30,Chennai,South,2024-07-09
142,Customer_142,Male,40,Mumbai,West,2021-11-24
143,Customer_143,Female,25,Pune,East,2024-10-25
144,Customer_144,Female,35,Bangalore,North,2023-05-15
145,Customer_145,Female,29,Lucknow,South,2024-05-06
146,Customer_146,Male,48,Hyderabad,East,2021-05-11
147,Customer_147,Male,31,Pune,South,2023-02-28
148,Customer_148,Male,51,Delhi,North,2023-02-21
149,Customer_149,Male,35,Lucknow,East,2024-05-05
150,Customer_150,Female,51,Mumbai,West,2023-08-17
151,Customer_151,Male,28,Pune,West,2023-12-20
152,Customer_152,Male,58,Hyderabad,South,2022-05-30
153,Customer_153,Male,29,Chennai,South,2024-02-08
154,Customer_154,Male,32,Chennai,East,2021-01-24
155,Customer_155,Male,48,Jaipur,North,2024-10-25
156,Customer_156,Female,46,Hyderabad,South,2025-01-16
157,Customer_157,Male,43,Chennai,East,2021-08-23
158,Customer_158,Female,35,Pune,North,2024-10-28
159,Customer_159,Male,49,Jaipur,South,2024-01-05
160,Customer_160,Female,39,Chennai,South,2022-07-01
161,Customer_161,Male,55,Lucknow,East,2024-08-05
162,Customer_162,Male,34,Bangalore,South,2022-11-28
163,Customer_163,Female,40,Delhi,West,2021-08-17
164,Customer_164,Female,41,Hyderabad,North,2022-08-25
165,Customer_165,Female,25,Pune,North,2023-06-10
166,Customer_166,Male,58,Ahmedabad,West,2021-11-20
167,Customer_167,Female,23,Mumbai,East,2023-07-19
168,Customer_168,Male,22,Pune,West,2021-01-07
169,Customer_169,Male,61,Chennai,West,2025-01-18
170,Customer_170,Female,46,Pune,North,2025-01-13
171,Customer_171,Female,45,Ahmedabad,East,2022-06-24
172,Customer_172,Male,28,Mumbai,South,2023-10-23
173,Customer_173,Male,18,Jaipur,West,2022-01-01
174,Customer_174,Female,60,Chennai,West,2023-11-06
175,Customer_175,Female,36,Kolkata,East,2021-08-06
176,Customer_176,Female,26,Chennai,West,2024-07-04
177,Customer_177,Male,44,Delhi,East,2022-09-04
178,Customer_178,Male,51,Kolkata,South,2024-08-01
179,Customer_179,Male,61,Delhi,East,2023-11-06
180,Customer_180,Male,21,Ahmedabad,South,2024-06-01
181,Customer_181,Male,53,Hyderabad,East,2022-02-12
182,Customer_182,Male,35,Mumbai,West,2021-11-10
183,Customer_183,Female,32,Bangalore,South,2023-02-05
184,Customer_184,Male,30,Jaipur,West,2021-11-27
185,Customer_185,Male,36,Bangalore,South,2024-01-10
186,Customer_186,Male,23,Lucknow,East,2023-12-23
187,Customer_187,Female,29,Lucknow,East,2021-01-02
188,Customer_188,Male,54,Ahmedabad,East,2024-05-11
189,Customer_189,Male,34,Hyderabad,North,2022-10-26
190,Customer_190,Female,40,Lucknow,North,2023-09-28
191,Customer_191,Male,43,Chennai,South,2021-02-09
192,Customer_192,Male,46,Pune,North,2021-08-18
193,Customer_193,Male,50,Delhi,East,2023-01-14
194,Customer_194,Male,44,Lucknow,North,2022-09-22
195,Customer_195,Male,42,Ahmedabad,North,2022-05-06
196,Customer_196,Female,27,Delhi,West,2021-04-29
197,Customer_197,Female,64,Chennai,South,2022-05-09
198,Customer_198,Female,40,Hyderabad,South,2024-03-07
199,Customer_199,Male,38,Mumbai,South,2021-06-11
200,Customer_200,Male,38,Bangalore,North,2021-06-25
201,Customer_201,Male,60,Chennai,East,2025-02-07
202,Customer_202,Female,30,Jaipur,West,2023-09-23
203,Customer_203,Male,54,Kolkata,South,2021-05-22
204,Customer_204,Male,50,Ahmedabad,North,2023-12-27
205,Customer_205,Female,41,Bangalore,East,2021-09-15
206,Customer_206,Male,61,Jaipur,West,2021-09-20
207,Customer_207,Female,28,Mumbai,West,2024-09-13
208,Customer_208,Female,34,Jaipur,South,2023-09-01
209,Customer_209,Female,21,Hyderabad,South,2024-01-31
210,Customer_210,Male,64,Kolkata,East,2021-12-05
211,Customer_211,Male,42,Delhi,North,2022-06-27
212,Customer_212,Male,47,Bangalore,East,2023-12-17
213,Customer_213,Male,26,Kolkata,South,2024-05-27
214,Customer_214,Male,38,Pune,East,2023-05-17
215,Customer_215,Male,37,Chennai,North,2022-03-10
216,Customer_216,Male,36,Pune,West,2024-01-10
217,Customer_217,Female,36,Chennai,West,2025-02-03
218,Customer_218,Male,29,Hyderabad,West,2024-11-13
219,Customer_219,Female,54,Kolkata,West,2022-02-16
220,Customer_220,Male,59,Mumbai,South,2024-12-31
221,Customer_221,Male,34,Lucknow,South,2022-10-01
222,Customer_222,Male,54,Jaipur,North,2023-03-29
223,Customer_223,Female,56,Lucknow,North,2024-10-07
224,Customer_224,Female,45,Kolkata,North,2024-08-23
225,Customer_225,Female,58,Pune,North,2023-02-04
226,Customer_226,Female,52,Lucknow,East,2023-06-17
227,Customer_227,Male,64,Ahmedabad,North,2023-11-26
228,Customer_228,Female,35,Lucknow,West,2023-07-14
229,Customer_229,Male,31,Chennai,West,2021-09-05
230,Customer_230,Male,52,Ahmedabad,West,2022-05-23
231,Customer_231,Female,61,Bangalore,East,2022-04-06
232,Customer_232,Female,58,Lucknow,North,2021-05-12
233,Customer_233,Female,24,Ahmedabad,West,2022-11-24
234,Customer_234,Female,58,Kolkata,West,2021-02-13
235,Customer_235,Female,30,Jaipur,West,2024-04-19
236,Customer_236,Female,35,Bangalore,West,2024-02-09
237,Customer_237,Female,54,Mumbai,South,2022-04-17
238,Customer_238,Female,30,Mumbai,North,2024-04-20
239,Customer_239,Male,53,Hyderabad,North,2022-03-28
240,Customer_240,Female,48,Lucknow,East,2021-01-15
241,Customer_241,Female,19,Jaipur,South,2021-05-26
242,Customer_242,Male,33,Delhi,East,2024-12-20
243,Customer_243,Female,26,Ahmedabad,West,2024-07-16
244,Customer_244,Male,26,Bangalore,East,2021-05-01
245,Customer_245,Male,55,Kolkata,West,2022-04-14
246,Customer_246,Female,28,Lucknow,West,2021-05-19
247,Customer_247,Male,39,Kolkata,North,2021-03-06
248,Customer_248,Male,50,Delhi,North,2022-11-08
249,Customer_249,Male,53,Hyderabad,North,2021-05-26
250,Customer_250,Male,62,Delhi,North,2023-11-19
251,Customer_251,Female,40,Chennai,North,2022-05-03
252,Customer_252,Male,62,Pune,South,2022-07-25
253,Customer_253,Female,62,Bangalore,North,2024-10-02
254,Customer_254,Male,51,Pune,East,2023-09-22
255,Customer_255,Male,26,Delhi,West,2022-03-15
256,Customer_256,Male,41,Hyderabad,North,2024-01-10
257,Customer_257,Male,25,Hyderabad,South,2021-09-28
258,Customer_258,Female,24,Mumbai,East,2025-01-21
259,Customer_259,Female,53,Lucknow,East,2024-03-15
260,Customer_260,Male,35,Mumbai,West,2024-03-26
261,Customer_261,Male,20,Bangalore,East,2023-08-27
262,Customer_262,Female,45,Bangalore,East,2022-05-13
263,Customer_263,Male,23,Bangalore,East,2023-08-27
264,Customer_264,Male,61,Kolkata,East,2023-04-14
265,Customer_265,Male,61,Mumbai,South,2022-01-25
266,Customer_266,Female,38,Kolkata,West,2021-07-13
267,Customer_267,Female,45,Pune,North,2021-07-18
268,Customer_268,Female,57,Lucknow,East,2024-09-11
269,Customer_269,Male,18,Delhi,South,2023-06-02
270,Customer_270,Male,53,Ahmedabad,West,2022-12-27
271,Customer_271,Female,38,Mumbai,North,2023-05-18
272,Customer_272,Female,60,Ahmedabad,West,2023-04-22
273,Customer_273,Female,52,Hyderabad,South,2023-08-15
274,Customer_274,Female,30,Mumbai,South,2025-02-02
275,Customer_275,Male,27,Pune,South,2021-04-21
276,Customer_276,Female,61,Mumbai,East,2024-10-11
277,Customer_277,Male,64,Kolkata,South,2024-08-31
278,Customer_278,Female,27,Lucknow,North,2024-08-16
279,Customer_279,Male,63,Delhi,East,2021-07-21
280,Customer_280,Female,30,Jaipur,West,2021-05-05
281,Customer_281,Female,54,Delhi,North,2023-04-05
282,Customer_282,Female,55,Delhi,East,2025-01-31
283,Customer_283,Female,41,Hyderabad,South,2022-11-26
284,Customer_284,Male,19,Pune,West,2021-08-12
285,Customer_285,Female,39,Ahmedabad,South,2022-05-25
286,Customer_286,Male,34,Pune,North,2022-01-28
287,Customer_287,Male,53,Jaipur,North,2022-01-25
288,Customer_288,Male,31,Hyderabad,East,2024-01-04
289,Customer_289,Male,27,Lucknow,North,2023-07-08
290,Customer_290,Female,52,Delhi,West,2021-10-15
291,Customer_291,Male,42,Kolkata,East,2023-05-15
292,Customer_292,Male,20,Hyderabad,West,2022-01-11
293,Customer_293,Male,64,Bangalore,South,2022-07-25
294,Customer_294,Female,55,Mumbai,West,2023-08-06
295,Customer_295,Female,34,Pune,West,2022-05-27
296,Customer_296,Female,29,Hyderabad,North,2021-06-04
297,Customer_297,Female,41,Bangalore,South,2023-06-27
298,Customer_298,Male,46,Ahmedabad,North,2024-02-02
299,Customer_299,Male,60,Jaipur,South,2021-07-20
300,Customer_300,Female,42,Jaipur,South,2021-04-14
301,Customer_301,Male,53,Delhi,West,2024-08-28
302,Customer_302,Male,43,Delhi,North,2024-01-13
303,Customer_303,Male,55,Hyderabad,West,2021-01-31
304,Customer_304,Female,18,Hyderabad,West,2021-07-11
305,Customer_305,Female,37,Lucknow,West,2022-04-30
306,Customer_306,Male,45,Mumbai,South,2021-12-07
307,Customer_307,Female,33,Chennai,North,2023-04-13
308,Customer_308,Female,64,Ahmedabad,North,2023-09-22
309,Customer_309,Female,34,Delhi,West,2023-09-13
310,Customer_310,Female,57,Chennai,South,2022-03-14
311,Customer_311,Female,45,Chennai,North,2023-04-02
312,Customer_312,Male,29,Mumbai,East,2021-05-01
313,Customer_313,Female,44,Kolkata,North,2021-12-04
314,Customer_314,Male,59,Kolkata,West,2023-02-16
315,Customer_315,Male,64,Delhi,East,2021-01-05
316,Customer_316,Female,47,Bangalore,South,2023-03-11
317,Customer_317,Male,58,Mumbai,East,2022-06-28
318,Customer_318,Male,51,Mumbai,East,2023-07-21
319,Customer_319,Male,54,Pune,West,2022-08-08
320,Customer_320,Female,23,Chennai,North,2023-05-17
321,Customer_321,Female,24,Pune,South,2024-11-27
322,Customer_322,Male,49,Chennai,East,2025-02-05
323,Customer_323,Female,49,Kolkata,West,2024-02-13
324,Customer_324,Female,42,Delhi,North,2024-09-17
325,Customer_325,Female,50,Ahmedabad,East,2025-01-11
326,Customer_326,Female,24,Kolkata,West,2023-09-24
327,Customer_327,Male,29,Mumbai,West,2021-11-14
328,Customer_328,Male,33,Ahmedabad,West,2022-01-24
329,Customer_329,Female,33,Hyderabad,South,2022-08-31
330,Customer_330,Female,60,Ahmedabad,North,2022-03-22
331,Customer_331,Male,53,Ahmedabad,East,2021-04-30
332,Customer_332,Male,30,Kolkata,North,2024-04-01
333,Customer_333,Female,24,Mumbai,North,2024-01-16
334,Customer_334,Male,53,Ahmedabad,East,2021-05-05
335,Customer_335,Female,64,Kolkata,North,2022-10-05
336,Customer_336,Female,26,Kolkata,South,2021-04-28
337,Customer_337,Male,49,Ahmedabad,East,2021-04-13
338,Customer_338,Male,28,Chennai,East,2024-04-11
339,Customer_339,Female,25,Mumbai,West,2023-09-04
340,Customer_340,Female,50,Jaipur,North,2023-10-27
341,Customer_341,Male,40,Ahmedabad,East,2023-12-24
342,Customer_342,Female,42,Pune,East,2021-11-19
343,Customer_343,Male,25,Pune,South,2021-04-27
344,Customer_344,Female,62,Hyderabad,West,2023-11-07
345,Customer_345,Male,39,Mumbai,East,2021-06-14
346,Customer_346,Male,21,Kolkata,South,2022-01-16
347,Customer_347,Male,57,Lucknow,East,2021-05-21
348,Customer_348,Female,20,Delhi,East,2024-05-03
349,Customer_349,Female,46,Bangalore,East,2021-05-20
350,Customer_350,Male,58,Lucknow,South,2024-10-14
351,Customer_351,Female,46,Mumbai,North,2022-04-27
352,Customer_352,Male,51,Mumbai,East,2023-04-07
353,Customer_353,Male,51,Ahmedabad,East,2021-09-03
354,Customer_354,Female,45,Ahmedabad,North,2024-03-12
355,Customer_355,Female,30,Lucknow,East,2022-05-20
356,Customer_356,Male,32,Kolkata,West,2024-03-31
357,Customer_357,Female,40,Hyderabad,East,2024-05-02
358,Customer_358,Female,61,Ahmedabad,West,2021-03-23
359,Customer_359,Male,43,Bangalore,North,2024-06-22
360,Customer_360,Male,21,Bangalore,South,2021-06-17
361,Customer_361,Female,43,Hyderabad,North,2023-05-09
362,Customer_362,Male,57,Chennai,East,2024-09-08
363,Customer_363,Male,26,Chennai,West,2024-04-10
364,Customer_364,Female,22,Mumbai,South,2024-03-03
365,Customer_365,Male,49,Ahmedabad,East,2023-12-07
366,Customer_366,Male,37,Pune,South,2022-10-10
367,Customer_367,Female,28,Lucknow,South,2022-06-19
368,Customer_368,Female,32,Jaipur,East,2022-02-23
369,Customer_369,Male,49,Hyderabad,North,2024-10-03
370,Customer_370,Male,45,Mumbai,East,2025-01-06
371,Customer_371,Female,39,Pune,East,2022-10-06
372,Customer_372,Female,58,Ahmedabad,North,2022-05-04
373,Customer_373,Female,34,Pune,West,2022-06-28
374,Customer_374,Female,43,Pune,East,2023-03-22
375,Customer_375,Male,61,Hyderabad,South,2021-09-26
376,Customer_376,Female,24,Mumbai,East,2024-10-07
377,Customer_377,Female,59,Kolkata,East,2024-08-14
378,Customer_378,Male,43,Bangalore,South,2022-09-07
379,Customer_379,Female,42,Lucknow,North,2023-07-26
380,Customer_380,Male,27,Mumbai,West,2022-10-10
381,Customer_381,Female,62,Jaipur,West,2021-05-29
382,Customer_382,Female,36,Pune,South,2021-01-20
383,Customer_383,Female,28,Kolkata,North,2023-07-28
384,Customer_384,Male,30,Hyderabad,East,2024-06-26
385,Customer_385,Male,25,Delhi,East,2024-02-28
386,Customer_386,Female,57,Lucknow,East,2021-07-24
387,Customer_387,Male,21,Lucknow,East,2021-05-31
388,Customer_388,Male,64,Bangalore,East,2024-01-07
389,Customer_389,Male,48,Delhi,South,2022-03-13
390,Customer_390,Male,45,Ahmedabad,East,2023-11-03
391,Customer_391,Male,28,Delhi,East,2022-06-28
392,Customer_392,Male,60,Pune,North,2021-09-29
393,Customer_393,Female,18,Pune,East,2022-12-16
394,Customer_394,Female,64,Pune,West,2021-05-21
395,Customer_395,Male,55,Pune,South,2022-05-16
396,Customer_396,Female,41,Mumbai,South,2023-01-27
397,Customer_397,Female,64,Lucknow,South,2022-08-07
398,Customer_398,Female,48,Delhi,West,2021-11-20
399,Customer_399,Female,58,Lucknow,East,2023-06-17
400,Customer_400,Male,63,Jaipur,South,2024-01-18
401,Customer_401,Female,43,Delhi,West,2024-12-11
402,Customer_402,Female,22,Mumbai,North,2022-09-12
403,Customer_403,Male,37,Jaipur,East,2024-06-06
404,Customer_404,Male,58,Lucknow,West,2024-09-01
405,Customer_405,Female,28,Jaipur,East,2023-12-20
406,Customer_406,Female,50,Bangalore,North,2021-01-17
407,Customer_407,Female,55,Jaipur,West,2024-09-29
408,Customer_408,Female,44,Delhi,East,2024-02-10
409,Customer_409,Female,51,Pune,West,2022-09-06
410,Customer_410,Female,32,Pune,South,2024-09-20
411,Customer_411,Male,49,Ahmedabad,East,2021-08-01
412,Customer_412,Female,38,Lucknow,West,2021-10-03
413,Customer_413,Female,63,Bangalore,South,2022-06-26
414,Customer_414,Male,22,Delhi,North,2021-08-25
415,Customer_415,Male,23,Delhi,East,2021-08-08
416,Customer_416,Male,55,Hyderabad,East,2024-02-08
417,Customer_417,Male,39,Chennai,North,2021-11-15
418,Customer_418,Female,35,Lucknow,South,2022-07-12
419,Customer_419,Female,31,Delhi,North,2022-08-01
420,Customer_420,Female,27,Kolkata,East,2024-05-23
421,Customer_421,Female,63,Delhi,West,2022-03-08
422,Customer_422,Female,30,Hyderabad,South,2025-01-09
423,Customer_423,Female,48,Jaipur,South,2022-12-04
424,Customer_424,Male,47,Mumbai,South,2022-02-21
425,Customer_425,Female,20,Mumbai,North,2024-11-08
426,Customer_426,Male,47,Kolkata,North,2024-07-22
427,Customer_427,Male,23,Kolkata,West,2022-06-25
428,Customer_428,Female,46,Ahmedabad,West,2023-11-02
429,Customer_429,Male,25,Mumbai,South,2023-09-28
430,Customer_430,Female,61,Jaipur,West,2022-05-30
431,Customer_431,Male,62,Mumbai,North,2021-04-15
432,Customer_432,Female,60,Chennai,West,2021-07-09
433,Customer_433,Male,61,Lucknow,North,2024-07-23
434,Customer_434,Female,50,Mumbai,West,2023-05-18
435,Customer_435,Female,34,Pune,East,2022-07-21
436,Customer_436,Female,28,Ahmedabad,North,2021-04-01
437,Customer_437,Female,30,Hyderabad,East,2021-01-08
438,Customer_438,Female,28,Kolkata,North,2022-11-15
439,Customer_439,Male,48,Chennai,West,2021-09-25
440,Customer_440,Male,45,Kolkata,East,2024-07-28
441,Customer_441,Male,61,Ahmedabad,West,2022-06-21
442,Customer_442,Female,23,Delhi,North,2021-11-27
443,Customer_443,Male,58,Chennai,East,2023-06-24
444,Customer_444,Female,33,Bangalore,South,2024-02-04
445,Customer_445,Female,21,Chennai,West,2024-12-16
446,Customer_446,Male,52,Ahmedabad,North,2023-05-26
447,Customer_447,Male,43,Hyderabad,East,2024-02-23
448,Customer_448,Female,29,Chennai,West,2021-01-20
449,Customer_449,Male,28,Ahmedabad,East,2021-08-18
450,Customer_450,Female,54,Jaipur,West,2021-06-04
451,Customer_451,Female,42,Lucknow,West,2024-11-16
452,Customer_452,Female,35,Mumbai,West,2021-11-02
453,Customer_453,Female,36,Jaipur,East,2024-01-23
454,Customer_454,Female,40,Ahmedabad,East,2021-03-15
455,Customer_455,Male,55,Pune,West,2023-01-27
456,Customer_456,Male,35,Delhi,South,2024-04-07
457,Customer_457,Female,43,Mumbai,South,2024-02-06
458,Customer_458,Female,23,Pune,South,2021-10-31
459,Customer_459,Male,21,Hyderabad,North,2023-05-31
460,Customer_460,Male,61,Kolkata,South,2021-09-19
461,Customer_461,Female,46,Bangalore,East,2021-03-27
462,Customer_462,Male,51,Mumbai,South,2022-09-24
463,Customer_463,Female,34,Jaipur,East,2023-01-17
464,Customer_464,Male,60,Delhi,North,2021-03-23
465,Customer_465,Female,60,Pune,East,2023-01-03
466,Customer_466,Male,33,Ahmedabad,East,2022-03-07
467,Customer_467,Female,19,Mumbai,East,2024-10-28
468,Customer_468,Male,51,Kolkata,South,2022-05-27
469,Customer_469,Male,25,Ahmedabad,West,2024-09-27
470,Customer_470,Female,30,Pune,East,2021-07-30
471,Customer_471,Male,59,Delhi,South,2022-12-26
472,Customer_472,Female,25,Chennai,South,2024-02-21
473,Customer_473,Male,47,Kolkata,South,2023-04-13
474,Customer_474,Female,49,Ahmedabad,West,2024-06-25
475,Customer_475,Male,53,Kolkata,West,2021-11-13
476,Customer_476,Female,64,Hyderabad,West,2022-04-30
477,Customer_477,Male,47,Ahmedabad,West,2021-11-29
478,Customer_478,Female,18,Mumbai,North,2021-12-29
479,Customer_479,Male,60,Chennai,West,2023-04-25
480,Customer_480,Female,56,Chennai,West,2021-02-20
481,Customer_481,Female,34,Bangalore,West,2022-01-03
482,Customer_482,Female,37,Kolkata,East,2022-11-12
483,Customer_483,Male,41,Jaipur,East,2023-04-24
484,Customer_484,Female,39,Chennai,West,2024-10-03
485,Customer_485,Male,46,Chennai,North,2022-05-24
486,Customer_486,Female,39,Hyderabad,East,2022-07-01
487,Customer_487,Male,61,Lucknow,South,2021-11-23
488,Customer_488,Female,26,Hyderabad,East,2024-12-07
489,Customer_489,Male,54,Hyderabad,South,2021-08-10
490,Customer_490,Male,27,Lucknow,East,2023-02-23
491,Customer_491,Female,53,Kolkata,West,2021-03-21
492,Customer_492,Male,54,Ahmedabad,East,2023-08-22
493,Customer_493,Male,45,Delhi,West,2022-04-01
494,Customer_494,Female,45,Jaipur,West,2022-02-13
495,Customer_495,Male,59,Chennai,East,2023-08-01
496,Customer_496,Male,60,Bangalore,South,2022-12-18
497,Customer_497,Male,38,Jaipur,South,2022-09-18
498,Customer_498,Female,41,Ahmedabad,East,2022-04-12
499,Customer_499,Male,59,Lucknow,West,2022-04-02
500,Customer_500,Female,57,Jaipur,South,2021-02-18
501,Customer_501,Male,19,Chennai,North,2024-09-13
502,Customer_502,Male,25,Jaipur,West,2022-01-31
503,Customer_503,Male,44,Delhi,East,2023-03-28
504,Customer_504,Female,39,Lucknow,West,2022-11-04
505,Customer_505,Male,54,Jaipur,North,2022-07-25
506,Customer_506,Male,44,Chennai,North,2021-05-23
507,Customer_507,Female,46,Chennai,South,2022-07-26
508,Customer_508,Male,20,Jaipur,North,2022-12-21
509,Customer_509,Female,61,Kolkata,West,2024-08-06
510,Customer_510,Female,30,Bangalore,South,2023-11-10
511,Customer_511,Male,62,Pune,North,2023-03-30
512,Customer_512,Female,27,Hyderabad,South,2024-10-23
513,Customer_513,Male,53,Lucknow,South,2024-01-04
514,Customer_514,Female,26,Pune,East,2022-11-10
515,Customer_515,Female,44,Ahmedabad,South,2021-02-26
516,Customer_516,Male,51,Ahmedabad,South,2021-08-25
517,Customer_517,Female,18,Chennai,North,2022-06-19
518,Customer_518,Female,49,Ahmedabad,West,2022-01-01
519,Customer_519,Female,42,Kolkata,West,2024-04-04
520,Customer_520,Female,46,Bangalore,North,2022-06-28
521,Customer_521,Female,24,Ahmedabad,West,2021-03-20
522,Customer_522,Male,20,Delhi,South,2021-08-11
523,Customer_523,Female,37,Bangalore,East,2024-05-06
524,Customer_524,Male,37,Kolkata,South,2023-06-09
525,Customer_525,Female,47,Pune,South,2022-12-09
526,Customer_526,Male,52,Bangalore,East,2025-02-01
527,Customer_527,Male,52,Bangalore,North,2022-10-05
528,Customer_528,Female,56,Pune,South,2023-06-13
529,Customer_529,Female,44,Kolkata,South,2024-05-26
530,Customer_530,Female,43,Ahmedabad,North,2023-11-14
531,Customer_531,Male,31,Chennai,South,2021-08-25
532,Customer_532,Female,34,Lucknow,South,2023-02-28
533,Customer_533,Male,35,Pune,West,2024-03-26
534,Customer_534,Male,62,Pune,North,2022-01-25
535,Customer_535,Male,46,Pune,South,2022-06-06
536,Customer_536,Female,37,Pune,South,2021-04-01
537,Customer_537,Female,44,Lucknow,East,2024-12-22
538,Customer_538,Male,35,Lucknow,East,2023-06-13
539,Customer_539,Male,21,Ahmedabad,East,2021-01-04
540,Customer_540,Female,18,Jaipur,South,2023-12-01
541,Customer_541,Male,18,Jaipur,South,2024-01-08
542,Customer_542,Female,43,Mumbai,East,2024-11-07
543,Customer_543,Male,62,Pune,West,2025-01-13
544,Customer_544,Female,37,Pune,West,2024-10-05
545,Customer_545,Male,40,Bangalore,West,2022-02-08
546,Customer_546,Female,27,Jaipur,West,2023-01-16
547,Customer_547,Male,28,Ahmedabad,North,2023-06-03
548,Customer_548,Female,58,Chennai,East,2021-05-24
549,Customer_549,Female,58,Mumbai,South,2024-09-22
550,Customer_550,Male,22,Mumbai,East,2022-11-08
551,Customer_551,Male,18,Ahmedabad,West,2024-06-30
552,Customer_552,Female,34,Chennai,South,2022-10-05
553,Customer_553,Male,39,Bangalore,North,2024-09-20
554,Customer_554,Female,51,Lucknow,East,2021-09-13
555,Customer_555,Male,62,Hyderabad,South,2025-01-14
556,Customer_556,Female,58,Jaipur,South,2022-09-08
557,Customer_557,Female,46,Pune,West,2023-11-05
558,Customer_558,Female,21,Ahmedabad,West,2022-09-26
559,Customer_559,Female,22,Jaipur,East,2024-09-27
560,Customer_560,Female,28,Pune,North,2023-04-17
561,Customer_561,Female,38,Hyderabad,South,2022-10-31
562,Customer_562,Male,52,Hyderabad,West,2023-04-05
563,Customer_563,Male,29,Lucknow,East,2024-11-28
564,Customer_564,Male,43,Kolkata,West,2022-08-29
565,Customer_565,Female,36,Hyderabad,East,2024-02-10
566,Customer_566,Female,62,Jaipur,West,2021-09-18
567,Customer_567,Female,24,Delhi,North,2022-01-28
568,Customer_568,Female,64,Delhi,South,2023-05-12
569,Customer_569,Male,24,Pune,West,2024-09-23
570,Customer_570,Male,43,Pune,South,2023-02-16
571,Customer_571,Female,57,Kolkata,East,2024-10-19
572,Customer_572,Male,22,Delhi,North,2021-12-23
573,Customer_573,Male,38,Pune,South,2024-06-14
574,Customer_574,Female,31,Hyderabad,West,2024-03-11
575,Customer_575,Male,21,Pune,South,2022-09-09
576,Customer_576,Female,40,Mumbai,South,2023-04-12
577,Customer_577,Male,59,Kolkata,East,2024-01-28
578,Customer_578,Female,37,Ahmedabad,North,2021-01-01
579,Customer_579,Female,32,Chennai,North,2022-09-15
580,Customer_580,Female,62,Bangalore,South,2022-08-11
581,Customer_581,Female,46,Chennai,South,2022-03-07
582,Customer_582,Male,25,Chennai,East,2023-05-31
583,Customer_583,Female,58,Lucknow,South,2024-04-02
584,Customer_584,Female,36,Ahmedabad,East,2024-05-27
585,Customer_585,Female,56,Pune,North,2024-09-02
586,Customer_586,Male,63,Lucknow,North,2022-10-22
587,Customer_587,Female,45,Chennai,East,2023-08-11
588,Customer_588,Male,63,Mumbai,South,2023-06-24
589,Customer_589,Female,44,Bangalore,North,2023-06-25
590,Customer_590,Male,21,Chennai,West,2024-10-15
591,Customer_591,Male,32,Delhi,East,2022-03-14
592,Customer_592,Female,52,Ahmedabad,North,2023-11-13
593,Customer_593,Male,54,Ahmedabad,North,2023-08-28
594,Customer_594,Female,18,Ahmedabad,North,2021-12-14
595,Customer_595,Female,20,Kolkata,West,2024-09-11
596,Customer_596,Female,64,Kolkata,West,2021-06-23
597,Customer_597,Male,41,Hyderabad,West,2022-08-05
598,Customer_598,Male,44,Jaipur,South,2023-11-22
599,Customer_599,Female,57,Bangalore,East,2024-09-21
600,Customer_600,Female,53,Lucknow,South,2024-07-20
601,Customer_601,Male,51,Pune,West,2024-06-22
602,Customer_602,Female,46,Chennai,East,2022-11-18
603,Customer_603,Female,41,Jaipur,South,2021-07-11
604,Customer_604,Female,41,Pune,South,2022-04-27
605,Customer_605,Male,59,Lucknow,South,2024-10-09
606,Customer_606,Male,21,Jaipur,West,2022-09-28
607,Customer_607,Male,20,Pune,North,2022-04-06
608,Customer_608,Female,51,Mumbai,East,2022-02-12
609,Customer_609,Female,40,Kolkata,West,2021-10-29
610,Customer_610,Female,40,Lucknow,East,2021-02-20
611,Customer_611,Male,62,Bangalore,West,2021-04-05
612,Customer_612,Female,22,Delhi,South,2022-05-17
613,Customer_613,Female,48,Mumbai,South,2023-09-01
614,Customer_614,Female,58,Kolkata,North,2024-06-05
615,Customer_615,Female,23,Ahmedabad,North,2021-05-30
616,Customer_616,Male,54,Kolkata,East,2023-07-22
617,Customer_617,Male,27,Jaipur,North,2023-04-29
618,Customer_618,Female,57,Hyderabad,North,2024-07-13
619,Customer_619,Male,24,Mumbai,East,2024-03-24
620,Customer_620,Male,56,Ahmedabad,West,2022-02-03
621,Customer_621,Female,55,Jaipur,North,2025-01-11
622,Customer_622,Female,38,Lucknow,West,2024-11-27
623,Customer_623,Male,37,Bangalore,South,2023-02-26
624,Customer_624,Female,20,Kolkata,North,2023-10-10
625,Customer_625,Male,39,Lucknow,South,2023-03-30
626,Customer_626,Female,64,Ahmedabad,South,2022-05-15
627,Customer_627,Male,21,Jaipur,West,2021-10-30
628,Customer_628,Female,45,Hyderabad,East,2024-09-05
629,Customer_629,Male,29,Kolkata,North,2024-11-09
630,Customer_630,Male,55,Bangalore,West,2021-01-12
631,Customer_631,Male,53,Hyderabad,East,2021-08-07
632,Customer_632,Female,64,Pune,South,2023-05-21
633,Customer_633,Male,58,Jaipur,North,2022-03-25
634,Customer_634,Male,22,Lucknow,South,2021-12-27
635,Customer_635,Female,30,Kolkata,South,2024-11-26
636,Customer_636,Female,40,Kolkata,North,2023-11-27
637,Customer_637,Male,47,Ahmedabad,East,2023-08-10
638,Customer_638,Male,54,Bangalore,East,2021-04-13
639,Customer_639,Female,42,Delhi,North,2024-02-16
640,Customer_640,Female,44,Pune,North,2022-05-26
641,Customer_641,Female,31,Hyderabad,West,2021-09-06
642,Customer_642,Female,64,Mumbai,West,2023-07-24
643,Customer_643,Female,53,Mumbai,South,2021-10-01
644,Customer_644,Male,56,Kolkata,North,2023-08-10
645,Customer_645,Female,33,Ahmedabad,East,2024-09-29
646,Customer_646,Male,39,Chennai,South,2023-12-24
647,Customer_647,Male,38,Kolkata,South,2024-02-19
648,Customer_648,Male,38,Mumbai,South,2024-05-04
649,Customer_649,Female,25,Mumbai,South,2022-10-12
650,Customer_650,Male,33,Pune,East,2023-06-26
651,Customer_651,Male,48,Lucknow,South,2024-06-08
652,Customer_652,Female,59,Chennai,North,2025-01-13
653,Customer_653,Male,27,Kolkata,West,2023-10-31
654,Customer_654,Male,49,Pune,East,2023-05-24
655,Customer_655,Female,51,Ahmedabad,North,2024-01-28
656,Customer_656,Male,26,Pune,North,2023-07-03
657,Customer_657,Male,34,Kolkata,North,2021-11-22
658,Customer_658,Male,28,Jaipur,West,2023-08-31
659,Customer_659,Female,49,Delhi,West,2023-07-11
660,Customer_660,Female,27,Kolkata,West,2022-06-15
661,Customer_661,Female,39,Bangalore,North,2022-05-22
662,Customer_662,Male,34,Mumbai,West,2024-07-29
663,Customer_663,Male,21,Chennai,South,2022-07-22
664,Customer_664,Female,64,Chennai,West,2023-12-04
665,Customer_665,Male,42,Lucknow,East,2023-09-20
666,Customer_666,Male,38,Delhi,North,2024-07-07
667,Customer_667,Female,54,Bangalore,North,2022-05-05
668,Customer_668,Female,55,Mumbai,South,2022-07-17
669,Customer_669,Male,18,Chennai,West,2023-06-20
670,Customer_670,Male,42,Bangalore,West,2021-06-08
671,Customer_671,Male,53,Pune,East,2025-01-01
672,Customer_672,Female,34,Lucknow,South,2022-08-09
673,Customer_673,Female,58,Kolkata,East,2022-04-26
674,Customer_674,Female,41,Kolkata,East,2022-07-11
675,Customer_675,Female,19,Jaipur,North,2022-11-19
676,Customer_676,Male,57,Mumbai,North,2022-10-17
677,Customer_677,Female,32,Bangalore,West,2024-01-12
678,Customer_678,Female,49,Hyderabad,West,2021-06-15
679,Customer_679,Female,56,Chennai,East,2021-10-11
680,Customer_680,Female,23,Ahmedabad,West,2021-11-05
681,Customer_681,Female,18,Ahmedabad,East,2022-04-19
682,Customer_682,Male,64,Kolkata,West,2023-02-24
683,Customer_683,Male,40,Hyderabad,West,2024-11-22
684,Customer_684,Female,56,Ahmedabad,North,2021-11-09
685,Customer_685,Male,34,Delhi,North,2024-12-17
686,Customer_686,Female,51,Delhi,North,2022-03-15
687,Customer_687,Female,58,Mumbai,North,2021-05-12
688,Customer_688,Male,46,Hyderabad,South,2023-04-30
689,Customer_689,Male,26,Delhi,North,2023-04-15
690,Customer_690,Female,30,Delhi,South,2022-11-09
691,Customer_691,Female,23,Kolkata,North,2024-01-17
692,Customer_692,Female,23,Ahmedabad,West,2023-08-13
693,Customer_693,Male,37,Mumbai,East,2023-05-02
694,Customer_694,Female,20,Bangalore,West,2021-05-08
695,Customer_695,Female,34,Pune,West,2022-02-28
696,Customer_696,Female,29,Chennai,South,2023-05-11
697,Customer_697,Male,64,Chennai,North,2023-03-09
698,Customer_698,Female,62,Lucknow,East,2024-04-11
699,Customer_699,Female,18,Pune,East,2024-11-25
700,Customer_700,Male,34,Pune,North,2021-02-10
701,Customer_701,Female,20,Chennai,South,2024-03-25
702,Customer_702,Female,43,Chennai,South,2023-02-19
703,Customer_703,Male,32,Bangalore,South,2023-09-04
704,Customer_704,Female,53,Hyderabad,East,2021-01-13
705,Customer_705,Male,49,Hyderabad,South,2022-12-22
706,Customer_706,Male,49,Bangalore,South,2022-09-04
707,Customer_707,Female,21,Ahmedabad,East,2023-03-10
708,Customer_708,Female,35,Pune,East,2023-05-09
709,Customer_709,Female,36,Jaipur,West,2024-01-08
710,Customer_710,Female,60,Pune,East,2024-01-24
711,Customer_711,Male,52,Lucknow,North,2024-05-20
712,Customer_712,Female,57,Chennai,East,2022-03-28
713,Customer_713,Male,31,Pune,East,2023-09-27
714,Customer_714,Female,50,Chennai,South,2022-03-26
715,Customer_715,Female,31,Pune,West,2022-07-13
716,Customer_716,Female,51,Lucknow,South,2023-06-12
717,Customer_717,Male,21,Ahmedabad,West,2023-09-22
718,Customer_718,Female,41,Jaipur,South,2021-03-01
719,Customer_719,Female,46,Delhi,North,2023-03-08
720,Customer_720,Female,36,Bangalore,South,2022-11-20
721,Customer_721,Female,23,Bangalore,South,2024-10-01
722,Customer_722,Male,50,Jaipur,North,2024-10-22
723,Customer_723,Female,57,Pune,North,2023-04-09
724,Customer_724,Male,36,Delhi,East,2025-01-23
725,Customer_725,Male,18,Lucknow,South,2021-12-05
726,Customer_726,Male,22,Hyderabad,North,2023-08-16
727,Customer_727,Male,44,Pune,North,2021-09-19
728,Customer_728,Male,33,Ahmedabad,East,2024-06-28
729,Customer_729,Male,23,Chennai,West,2023-12-30
730,Customer_730,Female,57,Mumbai,North,2021-02-25
731,Customer_731,Male,30,Pune,North,2023-03-18
732,Customer_732,Male,52,Mumbai,South,2024-04-27
733,Customer_733,Male,36,Pune,East,2024-03-01
734,Customer_734,Female,29,Jaipur,South,2024-09-19
735,Customer_735,Female,33,Mumbai,West,2021-02-25
736,Customer_736,Male,60,Pune,East,2021-06-21
737,Customer_737,Female,27,Bangalore,South,2024-08-09
738,Customer_738,Male,42,Mumbai,North,2023-05-28
739,Customer_739,Male,37,Pune,North,2021-10-05
740,Customer_740,Female,48,Hyderabad,East,2023-08-04
741,Customer_741,Male,21,Chennai,North,2022-01-08
742,Customer_742,Female,61,Hyderabad,South,2021-04-13
743,Customer_743,Female,40,Delhi,East,2022-06-17
744,Customer_744,Male,19,Pune,North,2023-02-16
745,Customer_745,Male,39,Kolkata,North,2022-11-02
746,Customer_746,Female,54,Ahmedabad,West,2022-03-10
747,Customer_747,Male,25,Hyderabad,West,2023-07-21
748,Customer_748,Male,24,Mumbai,East,2022-11-01
749,Customer_749,Male,31,Jaipur,West,2022-11-23
750,Customer_750,Female,20,Ahmedabad,South,2023-02-16
751,Customer_751,Female,33,Kolkata,North,2022-07-24
752,Customer_752,Male,36,Lucknow,North,2023-05-14
753,Customer_753,Female,35,Pune,North,2022-06-01
754,Customer_754,Female,33,Jaipur,East,2021-06-17
755,Customer_755,Female,25,Pune,East,2023-08-22
756,Customer_756,Female,50,Delhi,West,2021-02-09
757,Customer_757,Female,29,Kolkata,North,2024-01-10
758,Customer_758,Male,28,Pune,North,2021-04-17
759,Customer_759,Male,22,Mumbai,North,2022-12-18
760,Customer_760,Male,44,Delhi,North,2022-04-05
761,Customer_761,Female,29,Bangalore,North,2024-08-24
762,Customer_762,Female,34,Lucknow,South,2021-05-21
763,Customer_763,Male,23,Kolkata,North,2024-08-27
764,Customer_764,Female,50,Chennai,South,2021-03-24
765,Customer_765,Male,22,Jaipur,North,2021-03-05
766,Customer_766,Male,45,Hyderabad,East,2022-05-22
767,Customer_767,Male,31,Pune,East,2022-02-13
768,Customer_768,Female,22,Jaipur,South,2021-02-11
769,Customer_769,Female,50,Jaipur,North,2024-06-26
770,Customer_770,Male,58,Chennai,East,2021-11-09
771,Customer_771,Male,36,Chennai,East,2022-05-04
772,Customer_772,Male,39,Delhi,North,2021-09-16
773,Customer_773,Male,22,Kolkata,North,2023-08-28
774,Customer_774,Female,19,Mumbai,East,2024-10-03
775,Customer_775,Female,47,Lucknow,North,2021-08-23
776,Customer_776,Male,64,Chennai,West,2024-03-01
777,Customer_777,Male,56,Chennai,North,2022-03-23
778,Customer_778,Female,21,Hyderabad,East,2023-08-11
779,Customer_779,Female,50,Bangalore,East,2024-12-03
780,Customer_780,Male,30,Chennai,South,2022-06-09
781,Customer_781,Male,37,Bangalore,West,2023-01-26
782,Customer_782,Male,24,Delhi,East,2021-12-10
783,Customer_783,Female,32,Mumbai,West,2024-05-25
784,Customer_784,Female,40,Jaipur,North,2024-05-28
785,Customer_785,Female,31,Chennai,East,2025-01-11
786,Customer_786,Male,40,Pune,South,2021-08-23
787,Customer_787,Male,36,Bangalore,East,2021-12-02
788,Customer_788,Female,46,Hyderabad,South,2022-09-30
789,Customer_789,Female,37,Lucknow,West,2021-08-10
790,Customer_790,Male,46,Hyderabad,South,2024-03-31
791,Customer_791,Female,41,Chennai,North,2021-02-22
792,Customer_792,Female,35,Kolkata,North,2022-10-01
793,Customer_793,Male,27,Jaipur,North,2024-03-25
794,Customer_794,Female,58,Mumbai,East,2024-10-19
795,Customer_795,Male,25,Pune,North,2023-02-08
796,Customer_796,Male,43,Kolkata,North,2023-03-24
797,Customer_797,Male,46,Hyderabad,East,2025-01-04
798,Customer_798,Male,27,Bangalore,West,2022-02-11
799,Customer_799,Male,34,Bangalore,North,2021-06-05
800,Customer_800,Male,19,Kolkata,North,2024-04-27
801,Customer_801,Male,23,Bangalore,East,2024-11-15
802,Customer_802,Female,22,Hyderabad,West,2024-07-08
803,Customer_803,Male,45,Kolkata,West,2022-05-13
804,Customer_804,Male,58,Hyderabad,West,2021-07-28
805,Customer_805,Female,22,Pune,East,2024-11-28
806,Customer_806,Female,35,Jaipur,South,2022-09-10
807,Customer_807,Female,43,Lucknow,South,2024-11-02
808,Customer_808,Male,37,Pune,North,2024-05-14
809,Customer_809,Female,58,Pune,North,2021-09-05
810,Customer_810,Male,44,Bangalore,North,2024-03-05
811,Customer_811,Male,29,Chennai,South,2021-03-26
812,Customer_812,Male,24,Ahmedabad,East,2022-12-13
813,Customer_813,Male,20,Bangalore,North,2023-12-28
814,Customer_814,Female,27,Chennai,East,2023-05-28
815,Customer_815,Female,51,Hyderabad,North,2024-09-16
816,Customer_816,Male,42,Ahmedabad,East,2023-01-29
817,Customer_817,Male,52,Bangalore,East,2021-05-22
818,Customer_818,Male,33,Ahmedabad,South,2023-11-03
819,Customer_819,Female,19,Ahmedabad,East,2024-08-19
820,Customer_820,Male,41,Delhi,West,2022-11-30
821,Customer_821,Male,27,Jaipur,South,2021-01-26
822,Customer_822,Female,55,Delhi,North,2023-05-11
823,Customer_823,Female,39,Chennai,South,2023-10-01
824,Customer_824,Male,43,Mumbai,West,2021-08-05
825,Customer_825,Female,60,Kolkata,West,2023-06-07
826,Customer_826,Female,56,Lucknow,East,2023-01-12
827,Customer_827,Male,44,Mumbai,West,2024-07-25
828,Customer_828,Female,46,Kolkata,West,2023-07-31
829,Customer_829,Male,64,Chennai,West,2024-12-19
830,Customer_830,Female,55,Chennai,West,2021-11-10
831,Customer_831,Male,37,Hyderabad,North,2023-06-11
832,Customer_832,Male,44,Lucknow,North,2021-12-27
833,Customer_833,Male,58,Jaipur,South,2023-12-05
834,Customer_834,Female,37,Ahmedabad,East,2024-08-25
835,Customer_835,Male,61,Delhi,North,2022-07-08
836,Customer_836,Female,36,Delhi,West,2024-06-15
837,Customer_837,Male,37,Chennai,East,2024-01-08
838,Customer_838,Male,52,Delhi,North,2023-09-18
839,Customer_839,Female,64,Chennai,South,2023-08-11
840,Customer_840,Male,19,Ahmedabad,West,2023-06-12
841,Customer_841,Male,47,Chennai,East,2025-02-06
842,Customer_842,Female,51,Hyderabad,North,2024-04-28
843,Customer_843,Male,39,Jaipur,East,2022-07-04
844,Customer_844,Male,20,Pune,North,2022-10-23
845,Customer_845,Male,23,Bangalore,South,2022-05-18
846,Customer_846,Male,32,Jaipur,West,2021-06-27
847,Customer_847,Female,44,Jaipur,South,2022-07-26
848,Customer_848,Female,27,Mumbai,West,2023-07-13
849,Customer_849,Male,26,Lucknow,West,2022-05-15
850,Customer_850,Female,50,Lucknow,East,2023-08-10
851,Customer_851,Male,49,Kolkata,North,2024-03-13
852,Customer_852,Female,23,Bangalore,South,2024-06-03
853,Customer_853,Male,58,Ahmedabad,South,2024-09-30
854,Customer_854,Male,53,Pune,South,2023-02-16
855,Customer_855,Male,19,Pune,East,2022-11-20
856,Customer_856,Male,46,Lucknow,East,2021-02-28
857,Customer_857,Male,21,Jaipur,East,2023-10-10
858,Customer_858,Male,18,Hyderabad,West,2022-10-28
859,Customer_859,Female,36,Kolkata,South,2022-01-08
860,Customer_860,Male,43,Chennai,West,2023-09-26
861,Customer_861,Female,42,Kolkata,South,2022-03-11
862,Customer_862,Male,27,Mumbai,South,2022-12-28
863,Customer_863,Female,32,Kolkata,North,2022-06-14
864,Customer_864,Female,39,Jaipur,South,2022-11-29
865,Customer_865,Female,38,Ahmedabad,East,2022-07-27
866,Customer_866,Male,39,Jaipur,East,2024-05-05
867,Customer_867,Male,53,Lucknow,East,2024-12-07
868,Customer_868,Female,51,Ahmedabad,North,2022-07-20
869,Customer_869,Male,47,Delhi,North,2024-02-13
870,Customer_870,Female,42,Ahmedabad,West,2021-01-21
871,Customer_871,Male,62,Kolkata,South,2023-11-25
872,Customer_872,Female,45,Kolkata,South,2022-01-27
873,Customer_873,Female,18,Kolkata,East,2021-06-25
874,Customer_874,Male,62,Delhi,East,2022-05-10
875,Customer_875,Female,21,Lucknow,East,2025-01-14
876,Customer_876,Male,24,Chennai,East,2023-04-13
877,Customer_877,Female,26,Bangalore,East,2023-09-28
878,Customer_878,Female,53,Lucknow,East,2024-02-12
879,Customer_879,Male,36,Kolkata,South,2022-05-08
880,Customer_880,Male,18,Lucknow,North,2024-11-15
881,Customer_881,Male,27,Mumbai,East,2023-09-03
882,Customer_882,Female,53,Pune,South,2024-08-15
883,Customer_883,Male,26,Pune,East,2024-12-28
884,Customer_884,Female,62,Bangalore,West,2023-10-03
885,Customer_885,Female,63,Bangalore,West,2023-07-07
886,Customer_886,Male,59,Chennai,South,2021-02-05
887,Customer_887,Male,49,Mumbai,North,2021-07-10
888,Customer_888,Female,49,Jaipur,West,2022-08-26
889,Customer_889,Female,23,Lucknow,West,2022-03-30
890,Customer_890,Male,55,Ahmedabad,North,2023-04-09
891,Customer_891,Male,34,Ahmedabad,West,2024-11-17
892,Customer_892,Male,27,Jaipur,East,2022-05-14
893,Customer_893,Male,44,Pune,North,2022-09-20
894,Customer_894,Male,52,Jaipur,West,2024-09-21
895,Customer_895,Female,38,Lucknow,North,2024-04-06
896,Customer_896,Female,42,Mumbai,East,2023-01-26
897,Customer_897,Female,45,Kolkata,West,2023-08-28
898,Customer_898,Female,64,Delhi,South,2024-02-08
899,Customer_899,Male,32,Kolkata,West,2023-12-24
900,Customer_900,Male,21,Delhi,West,2022-12-06
901,Customer_901,Male,46,Ahmedabad,East,2023-05-22
902,Customer_902,Female,26,Bangalore,South,2024-02-02
903,Customer_903,Female,44,Lucknow,South,2022-11-09
904,Customer_904,Male,43,Kolkata,South,2022-12-22
905,Customer_905,Male,36,Jaipur,East,2024-12-10
906,Customer_906,Female,45,Mumbai,East,2023-07-19
907,Customer_907,Female,34,Mumbai,East,2022-07-09
908,Customer_908,Male,60,Pune,East,2022-09-20
909,Customer_909,Male,58,Mumbai,East,2022-05-30
910,Customer_910,Female,59,Mumbai,South,2022-04-18
911,Customer_911,Male,37,Bangalore,North,2021-09-05
912,Customer_912,Male,62,Jaipur,East,2025-01-17
913,Customer_913,Male,57,Ahmedabad,North,2022-01-30
914,Customer_914,Female,56,Mumbai,West,2022-10-09
915,Customer_915,Female,40,Ahmedabad,West,2021-09-02
916,Customer_916,Female,64,Bangalore,East,2024-01-03
917,Customer_917,Female,49,Mumbai,West,2024-11-14
918,Customer_918,Female,64,Lucknow,North,2022-01-15
919,Customer_919,Female,50,Pune,West,2022-01-28
920,Customer_920,Female,63,Kolkata,West,2022-03-20
921,Customer_921,Male,22,Lucknow,North,2023-09-19
922,Customer_922,Male,60,Hyderabad,West,2022-07-21
923,Customer_923,Male,51,Chennai,East,2025-01-23
924,Customer_924,Male,57,Mumbai,North,2024-04-22
925,Customer_925,Male,28,Ahmedabad,North,2023-12-11
926,Customer_926,Male,20,Chennai,South,2024-05-07
927,Customer_927,Male,50,Delhi,South,2022-08-03
928,Customer_928,Female,28,Mumbai,North,2021-07-25
929,Customer_929,Female,33,Hyderabad,North,2022-02-02
930,Customer_930,Male,35,Bangalore,South,2022-08-30
931,Customer_931,Male,47,Pune,East,2022-04-11
932,Customer_932,Female,27,Hyderabad,West,2023-01-10
933,Customer_933,Male,35,Ahmedabad,West,2022-01-03
934,Customer_934,Male,55,Bangalore,West,2022-09-12
935,Customer_935,Female,36,Kolkata,North,2021-01-29
936,Customer_936,Male,53,Bangalore,East,2024-12-21
937,Customer_937,Female,30,Mumbai,South,2023-12-30
938,Customer_938,Male,63,Chennai,East,2021-09-17
939,Customer_939,Female,20,Chennai,East,2022-07-16
940,Customer_940,Female,27,Ahmedabad,West,2021-04-04
941,Customer_941,Female,55,Bangalore,South,2021-04-22
942,Customer_942,Male,18,Hyderabad,East,2024-02-08
943,Customer_943,Female,44,Ahmedabad,South,2022-08-22
944,Customer_944,Male,63,Pune,North,2024-11-29
945,Customer_945,Male,25,Ahmedabad,West,2021-09-16
946,Customer_946,Male,63,Ahmedabad,South,2024-07-30
947,Customer_947,Male,59,Kolkata,North,2023-10-03
948,Customer_948,Female,34,Lucknow,North,2021-07-30
949,Customer_949,Female,26,Mumbai,North,2021-01-26
950,Customer_950,Male,23,Kolkata,East,2024-03-21
951,Customer_951,Male,60,Chennai,East,2022-08-06
952,Customer_952,Female,42,Chennai,West,2023-08-20
953,Customer_953,Male,56,Delhi,West,2023-09-08
954,Customer_954,Female,45,Delhi,North,2023-06-22
955,Customer_955,Male,50,Hyderabad,West,2022-11-29
956,Customer_956,Male,54,Chennai,East,2022-01-13
957,Customer_957,Female,26,Lucknow,West,2021-04-16
958,Customer_958,Male,35,Kolkata,South,2022-06-02
959,Customer_959,Female,38,Pune,East,2023-09-06
960,Customer_960,Male,19,Lucknow,North,2021-08-22
961,Customer_961,Male,60,Delhi,North,2021-05-14
962,Customer_962,Male,55,Bangalore,West,2023-04-01
963,Customer_963,Female,57,Lucknow,East,2023-10-05
964,Customer_964,Male,53,Lucknow,North,2021-06-01
965,Customer_965,Male,60,Lucknow,North,2024-03-27
966,Customer_966,Male,54,Lucknow,East,2024-07-13
967,Customer_967,Male,32,Lucknow,East,2024-11-06
968,Customer_968,Female,45,Delhi,North,2021-04-20
969,Customer_969,Female,35,Chennai,West,2021-11-07
970,Customer_970,Male,51,Ahmedabad,West,2021-11-02
971,Customer_971,Female,39,Lucknow,West,2024-02-27
972,Customer_972,Male,28,Lucknow,South,2022-09-15
973,Customer_973,Male,30,Mumbai,East,2021-06-24
974,Customer_974,Male,21,Chennai,North,2022-05-24
975,Customer_975,Female,39,Ahmedabad,South,2021-08-31
976,Customer_976,Female,24,Pune,West,2024-02-17
977,Customer_977,Female,60,Pune,South,2023-05-03
978,Customer_978,Female,41,Bangalore,North,2024-05-26
979,Customer_979,Female,21,Jaipur,North,2024-05-05
980,Customer_980,Female,45,Kolkata,East,2024-06-20
981,Customer_981,Female,32,Mumbai,West,2022-04-08
982,Customer_982,Female,18,Chennai,West,2023-12-07
983,Customer_983,Female,20,Chennai,South,2023-02-19
984,Customer_984,Male,31,Jaipur,West,2023-07-12
985,Customer_985,Female,55,Bangalore,South,2023-06-26
986,Customer_986,Female,18,Hyderabad,North,2022-09-01
987,Customer_987,Female,55,Delhi,North,2024-04-20
988,Customer_988,Female,55,Bangalore,North,2023-05-29
989,Customer_989,Female,38,Ahmedabad,North,2022-09-18
990,Customer_990,Female,46,Bangalore,North,2024-03-10
991,Customer_991,Female,22,Jaipur,South,2024-06-25
992,Customer_992,Female,27,Jaipur,North,2021-05-04
993,Customer_993,Female,45,Kolkata,South,2024-06-02
994,Customer_994,Female,38,Mumbai,North,2021-07-23
995,Customer_995,Female,24,Lucknow,South,2022-03-02
996,Customer_996,Male,20,Pune,South,2024-07-05
997,Customer_997,Male,62,Jaipur,South,2022-03-09
998,Customer_998,Female,64,Kolkata,West,2022-06-26
999,Customer_999,Female,37,Delhi,South,2024-09-14
1000,Customer_1000,Male,36,Pune,South,2021-06-16
1001,Customer_1001,Female,52,Hyderabad,North,2021-11-18
1002,Customer_1002,Male,21,Chennai,South,2022-05-07
1003,Customer_1003,Male,22,Delhi,South,2021-12-22
1004,Customer_1004,Male,18,Hyderabad,East,2024-02-05
1005,Customer_1005,Male,21,Pune,West,2021-06-03
1006,Customer_1006,Male,29,Delhi,East,2021-11-17
1007,Customer_1007,Female,44,Kolkata,North,2021-01-06
1008,Customer_1008,Male,59,Hyderabad,West,2023-04-17
1009,Customer_1009,Female,40,Chennai,West,2023-07-12
1010,Customer_1010,Female,42,Lucknow,East,2024-11-12
1011,Customer_1011,Male,38,Kolkata,West,2024-05-01
1012,Customer_1012,Male,41,Ahmedabad,East,2023-08-21
1013,Customer_1013,Female,42,Chennai,South,2022-08-20
1014,Customer_1014,Male,62,Mumbai,East,2021-03-08
1015,Customer_1015,Male,63,Bangalore,West,2022-04-20
1016,Customer_1016,Female,49,Mumbai,West,2022-08-14
1017,Customer_1017,Female,49,Jaipur,North,2024-12-18
1018,Customer_1018,Male,22,Lucknow,North,2022-08-03
1019,Customer_1019,Female,53,Ahmedabad,North,2024-12-10
1020,Customer_1020,Male,63,Ahmedabad,North,2023-07-19
1021,Customer_1021,Male,59,Bangalore,West,2021-05-26
1022,Customer_1022,Male,59,Hyderabad,North,2024-11-08
1023,Customer_1023,Female,56,Bangalore,East,2022-04-24
1024,Customer_1024,Female,33,Jaipur,South,2022-06-26
1025,Customer_1025,Female,50,Mumbai,West,2024-07-04
1026,Customer_1026,Female,38,Ahmedabad,North,2024-04-22
1027,Customer_1027,Female,26,Mumbai,West,2024-09-16
1028,Customer_1028,Male,23,Chennai,North,2022-02-10
1029,Customer_1029,Male,62,Lucknow,West,2023-05-21
1030,Customer_1030,Male,52,Delhi,North,2021-08-24
1031,Customer_1031,Male,56,Jaipur,South,2024-01-21
1032,Customer_1032,Female,39,Delhi,North,2022-04-06
1033,Customer_1033,Male,58,Jaipur,East,2024-08-19
1034,Customer_1034,Female,22,Pune,West,2021-11-02
1035,Customer_1035,Male,59,Lucknow,West,2022-06-29
1036,Customer_1036,Female,40,Chennai,East,2021-10-19
1037,Customer_1037,Female,34,Lucknow,East,2021-05-27
1038,Customer_1038,Male,29,Hyderabad,South,2021-05-03
1039,Customer_1039,Male,40,Jaipur,West,2021-12-06
1040,Customer_1040,Male,33,Delhi,South,2022-09-22
1041,Customer_1041,Male,20,Jaipur,West,2024-05-03
1042,Customer_1042,Female,47,Hyderabad,West,2024-03-11
1043,Customer_1043,Male,39,Jaipur,South,2022-08-15
1044,Customer_1044,Male,26,Lucknow,West,2023-06-19
1045,Customer_1045,Female,46,Kolkata,West,2021-09-12
1046,Customer_1046,Male,64,Jaipur,South,2023-08-18
1047,Customer_1047,Male,54,Pune,North,2024-11-11
1048,Customer_1048,Male,40,Pune,South,2022-09-15
1049,Customer_1049,Male,30,Ahmedabad,West,2024-12-04
1050,Customer_1050,Male,49,Pune,East,2023-04-05
1051,Customer_1051,Female,63,Jaipur,North,2022-07-12
1052,Customer_1052,Male,64,Jaipur,East,2023-10-22
1053,Customer_1053,Male,40,Kolkata,North,2024-01-11
1054,Customer_1054,Male,62,Pune,East,2023-10-09
1055,Customer_1055,Male,34,Mumbai,North,2023-06-16
1056,Customer_1056,Male,57,Jaipur,South,2021-06-14
1057,Customer_1057,Female,38,Chennai,North,2024-05-09
1058,Customer_1058,Male,19,Chennai,North,2021-03-23
1059,Customer_1059,Female,54,Delhi,North,2023-06-04
1060,Customer_1060,Female,23,Kolkata,West,2022-10-23
1061,Customer_1061,Male,61,Hyderabad,East,2024-05-21
1062,Customer_1062,Male,35,Mumbai,South,2022-05-28
1063,Customer_1063,Male,47,Jaipur,East,2021-02-22
1064,Customer_1064,Male,39,Lucknow,East,2021-07-07
1065,Customer_1065,Female,50,Bangalore,South,2022-04-14
1066,Customer_1066,Male,47,Bangalore,West,2024-10-12
1067,Customer_1067,Male,34,Hyderabad,North,2024-03-24
1068,Customer_1068,Male,60,Ahmedabad,West,2024-04-17
1069,Customer_1069,Male,49,Lucknow,West,2021-02-12
1070,Customer_1070,Male,59,Bangalore,North,2024-10-08
1071,Customer_1071,Male,31,Hyderabad,East,2022-07-06
1072,Customer_1072,Female,27,Bangalore,North,2024-03-26
1073,Customer_1073,Female,64,Kolkata,South,2021-03-24
1074,Customer_1074,Male,53,Delhi,North,2021-12-25
1075,Customer_1075,Male,51,Ahmedabad,East,2023-08-22
1076,Customer_1076,Male,26,Kolkata,West,2023-11-29
1077,Customer_1077,Female,59,Lucknow,West,2024-08-27
1078,Customer_1078,Male,45,Hyderabad,North,2023-06-25
1079,Customer_1079,Female,28,Mumbai,South,2022-07-24
1080,Customer_1080,Male,31,Lucknow,East,2022-01-07
1081,Customer_1081,Male,56,Lucknow,West,2024-04-13
1082,Customer_1082,Male,64,Pune,North,2023-06-12
1083,Customer_1083,Male,36,Mumbai,South,2024-07-24
1084,Customer_1084,Female,32,Chennai,South,2023-10-05
1085,Customer_1085,Female,45,Pune,West,2021-07-06
1086,Customer_1086,Male,41,Hyderabad,West,2023-08-21
1087,Customer_1087,Male,25,Chennai,East,2022-12-14
1088,Customer_1088,Female,60,Bangalore,South,2023-04-17
1089,Customer_1089,Female,26,Bangalore,East,2022-11-14
1090,Customer_1090,Female,64,Lucknow,South,2022-10-20
1091,Customer_1091,Female,50,Pune,South,2024-10-04
1092,Customer_1092,Male,50,Jaipur,North,2021-08-03
1093,Customer_1093,Female,36,Mumbai,West,2021-11-26
1094,Customer_1094,Male,20,Chennai,South,2022-11-07
1095,Customer_1095,Female,27,Mumbai,East,2023-04-24
1096,Customer_1096,Female,57,Pune,West,2024-11-21
1097,Customer_1097,Female,64,Lucknow,East,2023-10-12
1098,Customer_1098,Female,59,Kolkata,West,2022-08-14
1099,Customer_1099,Female,18,Bangalore,West,2024-09-18
1100,Customer_1100,Male,46,Chennai,South,2023-04-01
1101,Customer_1101,Male,51,Chennai,North,2024-02-01
1102,Customer_1102,Female,30,Hyderabad,South,2021-03-17
1103,Customer_1103,Female,18,Chennai,West,2023-07-21
1104,Customer_1104,Male,51,Pune,South,2021-06-30
1105,Customer_1105,Female,46,Chennai,South,2022-10-07
1106,Customer_1106,Female,64,Chennai,West,2022-06-01
1107,Customer_1107,Male,30,Mumbai,West,2022-10-25
1108,Customer_1108,Female,46,Lucknow,South,2021-08-26
1109,Customer_1109,Female,56,Delhi,South,2023-04-08
1110,Customer_1110,Male,41,Chennai,South,2023-11-20
1111,Customer_1111,Male,43,Jaipur,East,2021-01-03
1112,Customer_1112,Male,34,Lucknow,South,2024-09-08
1113,Customer_1113,Female,24,Ahmedabad,East,2024-01-17
1114,Customer_1114,Male,30,Hyderabad,North,2023-08-05
1115,Customer_1115,Male,22,Mumbai,East,2023-04-27
1116,Customer_1116,Male,43,Hyderabad,South,2021-04-22
1117,Customer_1117,Male,20,Kolkata,North,2022-01-20
1118,Customer_1118,Male,24,Chennai,East,2023-11-28
1119,Customer_1119,Male,56,Bangalore,East,2023-01-11
1120,Customer_1120,Female,18,Jaipur,West,2024-06-29
1121,Customer_1121,Female,34,Mumbai,North,2023-10-18
1122,Customer_1122,Male,60,Hyderabad,West,2024-07-04
1123,Customer_1123,Male,42,Chennai,North,2023-06-25
1124,Customer_1124,Male,20,Bangalore,East,2021-04-16
1125,Customer_1125,Female,32,Bangalore,West,2022-02-21
1126,Customer_1126,Female,46,Kolkata,South,2022-07-01
1127,Customer_1127,Female,60,Lucknow,East,2024-01-30
1128,Customer_1128,Female,49,Jaipur,North,2021-09-26
1129,Customer_1129,Female,43,Delhi,North,2022-08-13
1130,Customer_1130,Female,33,Jaipur,West,2023-06-17
1131,Customer_1131,Female,42,Kolkata,West,2024-12-01
1132,Customer_1132,Female,45,Pune,North,2023-09-20
1133,Customer_1133,Female,26,Lucknow,East,2021-09-06
1134,Customer_1134,Male,18,Mumbai,West,2021-03-01
1135,Customer_1135,Male,46,Lucknow,South,2024-07-14
1136,Customer_1136,Male,39,Kolkata,North,2024-05-31
1137,Customer_1137,Male,33,Kolkata,South,2022-05-06
1138,Customer_1138,Female,58,Mumbai,North,2024-12-24
1139,Customer_1139,Female,61,Mumbai,South,2021-11-21
1140,Customer_1140,Male,58,Mumbai,East,2022-09-29
1141,Customer_1141,Female,24,Lucknow,North,2024-02-03
1142,Customer_1142,Male,31,Chennai,East,2021-01-29
1143,Customer_1143,Female,46,Hyderabad,West,2024-02-06
1144,Customer_1144,Male,36,Ahmedabad,North,2023-04-16
1145,Customer_1145,Female,36,Mumbai,East,2021-07-10
1146,Customer_1146,Female,19,Hyderabad,South,2022-04-06
1147,Customer_1147,Male,58,Ahmedabad,East,2021-08-21
1148,Customer_1148,Female,62,Lucknow,North,2023-08-04
1149,Customer_1149,Male,32,Hyderabad,East,2021-08-29
1150,Customer_1150,Male,20,Mumbai,South,2024-08-19
1151,Customer_1151,Male,28,Delhi,South,2021-11-12
1152,Customer_1152,Male,63,Kolkata,South,2023-10-18
1153,Customer_1153,Female,47,Hyderabad,West,2025-01-07
1154,Customer_1154,Female,57,Bangalore,North,2022-08-21
1155,Customer_1155,Female,35,Bangalore,South,2023-11-09
1156,Customer_1156,Male,19,Hyderabad,West,2024-12-15
1157,Customer_1157,Female,49,Mumbai,South,2022-07-14
1158,Customer_1158,Male,25,Jaipur,East,2023-05-01
1159,Customer_1159,Female,39,Mumbai,North,2023-09-16
1160,Customer_1160,Female,23,Lucknow,East,2023-08-26
1161,Customer_1161,Female,29,Mumbai,West,2022-05-15
1162,Customer_1162,Male,64,Lucknow,East,2023-07-25
1163,Customer_1163,Female,57,Jaipur,East,2024-02-03
1164,Customer_1164,Female,53,Delhi,South,2021-10-24
1165,Customer_1165,Male,32,Lucknow,East,2023-02-25
1166,Customer_1166,Female,45,Pune,South,2022-01-26
1167,Customer_1167,Male,62,Bangalore,South,2024-05-12
1168,Customer_1168,Female,35,Kolkata,North,2023-11-07
1169,Customer_1169,Male,19,Bangalore,West,2021-10-07
1170,Customer_1170,Male,30,Lucknow,West,2021-05-23
1171,Customer_1171,Female,62,Pune,West,2022-07-20
1172,Customer_1172,Male,32,Chennai,South,2023-04-30
1173,Customer_1173,Male,37,Delhi,West,2022-11-28
1174,Customer_1174,Male,46,Delhi,South,2023-11-06
1175,Customer_1175,Male,59,Chennai,North,2022-07-02
1176,Customer_1176,Male,46,Kolkata,West,2021-01-06
1177,Customer_1177,Male,20,Jaipur,South,2022-08-03
1178,Customer_1178,Female,36,Ahmedabad,West,2025-01-26
1179,Customer_1179,Male,20,Pune,West,2022-09-04
1180,Customer_1180,Male,31,Lucknow,North,2024-04-17
1181,Customer_1181,Female,57,Ahmedabad,East,2024-04-02
1182,Customer_1182,Female,21,Kolkata,West,2024-09-13
1183,Customer_1183,Female,28,Jaipur,North,2023-09-30
1184,Customer_1184,Female,48,Delhi,West,2021-11-01
1185,Customer_1185,Female,60,Lucknow,West,2023-07-04
1186,Customer_1186,Female,49,Lucknow,West,2024-01-09
1187,Customer_1187,Female,44,Jaipur,West,2023-09-19
1188,Customer_1188,Male,47,Bangalore,East,2022-12-08
1189,Customer_1189,Male,60,Pune,East,2022-11-12
1190,Customer_1190,Female,19,Jaipur,West,2024-02-05
1191,Customer_1191,Male,26,Mumbai,West,2024-01-18
1192,Customer_1192,Male,45,Mumbai,North,2023-02-12
1193,Customer_1193,Male,48,Jaipur,North,2023-07-22
1194,Customer_1194,Female,51,Delhi,South,2022-10-22
1195,Customer_1195,Female,32,Jaipur,East,2022-01-22
1196,Customer_1196,Male,42,Hyderabad,West,2024-11-29
1197,Customer_1197,Female,53,Kolkata,East,2022-05-05
1198,Customer_1198,Male,25,Mumbai,North,2024-03-17
1199,Customer_1199,Male,26,Ahmedabad,East,2023-02-24
1200,Customer_1200,Male,54,Jaipur,East,2022-04-24
1201,Customer_1201,Male,62,Mumbai,West,2023-04-22
1202,Customer_1202,Female,56,Kolkata,West,2021-03-31
1203,Customer_1203,Female,49,Kolkata,North,2022-10-14
1204,Customer_1204,Female,34,Ahmedabad,West,2023-08-27
1205,Customer_1205,Male,52,Lucknow,North,2024-12-15
1206,Customer_1206,Female,54,Hyderabad,North,2023-02-20
1207,Customer_1207,Male,36,Jaipur,South,2023-03-02
1208,Customer_1208,Female,61,Chennai,South,2024-09-21
1209,Customer_1209,Male,46,Jaipur,South,2024-08-28
1210,Customer_1210,Male,24,Lucknow,East,2021-11-08
1211,Customer_1211,Male,45,Pune,South,2023-10-12
1212,Customer_1212,Female,26,Bangalore,West,2021-03-17
1213,Customer_1213,Female,45,Delhi,West,2021-09-16
1214,Customer_1214,Female,23,Lucknow,South,2023-10-26
1215,Customer_1215,Female,46,Kolkata,East,2024-04-23
1216,Customer_1216,Male,34,Chennai,North,2022-11-11
1217,Customer_1217,Female,33,Delhi,East,2021-07-25
1218,Customer_1218,Female,40,Mumbai,East,2023-06-21
1219,Customer_1219,Male,48,Jaipur,North,2021-07-24
1220,Customer_1220,Male,20,Delhi,North,2023-12-14
1221,Customer_1221,Male,38,Mumbai,North,2023-07-25
1222,Customer_1222,Female,43,Bangalore,West,2021-02-01
1223,Customer_1223,Male,53,Mumbai,North,2025-01-19
1224,Customer_1224,Male,59,Chennai,North,2021-10-23
1225,Customer_1225,Male,54,Kolkata,East,2023-04-20
1226,Customer_1226,Female,39,Lucknow,East,2024-09-02
1227,Customer_1227,Male,59,Ahmedabad,South,2021-11-13
1228,Customer_1228,Female,29,Lucknow,East,2021-06-03
1229,Customer_1229,Female,59,Lucknow,North,2023-08-20
1230,Customer_1230,Male,30,Mumbai,West,2022-06-27
1231,Customer_1231,Male,28,Jaipur,East,2022-11-25
1232,Customer_1232,Female,33,Delhi,East,2024-06-30
1233,Customer_1233,Male,25,Ahmedabad,North,2024-11-19
1234,Customer_1234,Male,57,Ahmedabad,East,2023-03-26
1235,Customer_1235,Female,57,Delhi,East,2024-08-23
1236,Customer_1236,Female,62,Delhi,North,2021-06-14
1237,Customer_1237,Male,19,Kolkata,East,2022-11-04
1238,Customer_1238,Female,47,Chennai,West,2024-10-13
1239,Customer_1239,Male,47,Bangalore,South,2023-12-29
1240,Customer_1240,Male,29,Chennai,East,2023-02-18
1241,Customer_1241,Male,27,Delhi,West,2022-10-11
1242,Customer_1242,Female,61,Jaipur,East,2024-07-07
1243,Customer_1243,Male,28,Hyderabad,South,2025-01-11
1244,Customer_1244,Male,32,Hyderabad,North,2023-09-27
1245,Customer_1245,Male,33,Bangalore,South,2024-01-14
1246,Customer_1246,Female,34,Delhi,East,2021-03-15
1247,Customer_1247,Female,43,Hyderabad,South,2024-06-18
1248,Customer_1248,Female,19,Bangalore,South,2021-05-21
1249,Customer_1249,Female,29,Ahmedabad,North,2022-04-26
1250,Customer_1250,Female,43,Bangalore,East,2024-07-16
1251,Customer_1251,Male,40,Ahmedabad,South,2024-11-02
1252,Customer_1252,Female,35,Kolkata,South,2022-08-12
1253,Customer_1253,Female,49,Hyderabad,North,2022-04-11
1254,Customer_1254,Female,55,Bangalore,West,2021-07-05
1255,Customer_1255,Male,64,Bangalore,East,2023-06-08
1256,Customer_1256,Female,20,Bangalore,West,2021-07-21
1257,Customer_1257,Female,55,Jaipur,West,2024-07-21
1258,Customer_1258,Male,20,Bangalore,North,2024-12-12
1259,Customer_1259,Female,47,Jaipur,North,2021-07-25
1260,Customer_1260,Male,18,Lucknow,East,2023-06-28
1261,Customer_1261,Male,47,Kolkata,West,2021-12-07
1262,Customer_1262,Male,62,Lucknow,South,2024-11-22
1263,Customer_1263,Male,49,Pune,West,2022-09-06
1264,Customer_1264,Male,45,Lucknow,North,2021-03-01
1265,Customer_1265,Female,38,Delhi,South,2021-04-05
1266,Customer_1266,Male,63,Ahmedabad,South,2022-10-27
1267,Customer_1267,Male,30,Delhi,North,2021-04-25
1268,Customer_1268,Female,44,Chennai,South,2022-08-24
1269,Customer_1269,Male,53,Lucknow,West,2023-01-05
1270,Customer_1270,Female,24,Hyderabad,North,2023-02-07
1271,Customer_1271,Female,39,Mumbai,East,2023-06-02
1272,Customer_1272,Female,27,Lucknow,North,2021-10-26
1273,Customer_1273,Male,56,Kolkata,East,2022-05-16
1274,Customer_1274,Male,32,Lucknow,East,2023-12-24
1275,Customer_1275,Male,32,Jaipur,North,2023-04-24
1276,Customer_1276,Female,21,Chennai,North,2024-03-05
1277,Customer_1277,Male,49,Bangalore,East,2024-10-28
1278,Customer_1278,Male,40,Chennai,East,2022-01-04
1279,Customer_1279,Male,23,Chennai,South,2021-12-15
1280,Customer_1280,Female,41,Ahmedabad,North,2021-12-25
1281,Customer_1281,Female,37,Mumbai,North,2021-06-11
1282,Customer_1282,Male,54,Chennai,South,2024-06-02
1283,Customer_1283,Male,37,Ahmedabad,North,2023-02-23
1284,Customer_1284,Male,29,Bangalore,South,2024-06-23
1285,Customer_1285,Male,50,Delhi,South,2024-10-31
1286,Customer_1286,Female,45,Bangalore,North,2022-05-09
1287,Customer_1287,Female,25,Hyderabad,West,2023-10-17
1288,Customer_1288,Female,18,Chennai,East,2024-04-09
1289,Customer_1289,Female,54,Chennai,North,2021-10-21
1290,Customer_1290,Male,39,Delhi,West,2022-04-21
1291,Customer_1291,Male,23,Kolkata,South,2023-08-03
1292,Customer_1292,Male,38,Chennai,West,2024-07-30
1293,Customer_1293,Female,49,Mumbai,North,2022-06-05
1294,Customer_1294,Male,52,Pune,North,2023-07-31
1295,Customer_1295,Female,32,Chennai,West,2022-06-07
1296,Customer_1296,Female,22,Pune,North,2024-09-27
1297,Customer_1297,Male,63,Bangalore,East,2021-01-20
1298,Customer_1298,Male,23,Lucknow,West,2023-08-11
1299,Customer_1299,Male,42,Kolkata,South,2022-08-13
1300,Customer_1300,Female,63,Ahmedabad,West,2024-10-19
1301,Customer_1301,Male,57,Jaipur,West,2024-01-25
1302,Customer_1302,Female,46,Kolkata,West,2021-11-20
1303,Customer_1303,Male,24,Jaipur,West,2021-06-01
1304,Customer_1304,Female,57,Bangalore,South,2023-06-24
1305,Customer_1305,Female,30,Kolkata,South,2022-12-09
1306,Customer_1306,Male,55,Ahmedabad,South,2024-04-18
1307,Customer_1307,Female,35,Jaipur,West,2022-09-05
1308,Customer_1308,Female,19,Delhi,East,2024-08-01
1309,Customer_1309,Male,25,Mumbai,East,2023-05-19
1310,Customer_1310,Female,28,Kolkata,South,2024-11-14
1311,Customer_1311,Male,50,Bangalore,East,2022-05-28
1312,Customer_1312,Female,55,Chennai,East,2023-07-25
1313,Customer_1313,Male,44,Ahmedabad,East,2022-09-11
1314,Customer_1314,Male,37,Jaipur,East,2022-02-12
1315,Customer_1315,Female,29,Jaipur,East,2023-02-27
1316,Customer_1316,Female,60,Mumbai,North,2023-09-17
1317,Customer_1317,Female,48,Jaipur,South,2021-08-07
1318,Customer_1318,Female,44,Pune,West,2022-05-01
1319,Customer_1319,Female,49,Hyderabad,East,2023-02-21
1320,Customer_1320,Male,27,Pune,North,2024-03-17
1321,Customer_1321,Female,20,Jaipur,West,2023-01-06
1322,Customer_1322,Male,62,Ahmedabad,North,2024-03-23
1323,Customer_1323,Male,44,Kolkata,East,2022-08-29
1324,Customer_1324,Female,52,Bangalore,East,2024-12-03
1325,Customer_1325,Male,48,Chennai,East,2022-08-28
1326,Customer_1326,Male,32,Kolkata,East,2021-02-14
1327,Customer_1327,Male,33,Delhi,West,2024-09-10
1328,Customer_1328,Male,30,Kolkata,West,2023-03-22
1329,Customer_1329,Female,52,Kolkata,North,2022-07-17
1330,Customer_1330,Male,28,Bangalore,South,2021-01-17
1331,Customer_1331,Female,38,Mumbai,East,2024-03-05
1332,Customer_1332,Female,28,Jaipur,North,2024-11-05
1333,Customer_1333,Male,47,Mumbai,North,2021-04-11
1334,Customer_1334,Female,52,Delhi,North,2024-05-26
1335,Customer_1335,Female,39,Lucknow,East,2023-10-15
1336,Customer_1336,Female,55,Chennai,East,2022-08-10
1337,Customer_1337,Male,48,Pune,North,2022-04-17
1338,Customer_1338,Female,31,Chennai,East,2024-05-28
1339,Customer_1339,Female,41,Jaipur,North,2022-12-23
1340,Customer_1340,Female,49,Chennai,West,2022-03-25
1341,Customer_1341,Male,53,Hyderabad,East,2024-07-27
1342,Customer_1342,Female,49,Pune,West,2022-01-25
1343,Customer_1343,Male,32,Delhi,South,2024-06-25
1344,Customer_1344,Male,60,Jaipur,East,2022-05-29
1345,Customer_1345,Male,52,Ahmedabad,South,2024-10-20
1346,Customer_1346,Male,20,Delhi,North,2025-01-16
1347,Customer_1347,Male,33,Hyderabad,East,2024-09-12
1348,Customer_1348,Male,22,Pune,East,2024-10-26
1349,Customer_1349,Female,38,Bangalore,East,2021-10-08
1350,Customer_1350,Male,27,Hyderabad,South,2024-07-10
1351,Customer_1351,Female,36,Delhi,South,2021-07-18
1352,Customer_1352,Female,42,Jaipur,North,2024-07-09
1353,Customer_1353,Male,21,Lucknow,West,2024-08-16
1354,Customer_1354,Female,46,Jaipur,West,2021-03-22
1355,Customer_1355,Female,36,Pune,South,2022-09-25
1356,Customer_1356,Female,60,Lucknow,East,2023-06-22
1357,Customer_1357,Female,19,Mumbai,West,2021-03-10
1358,Customer_1358,Male,27,Pune,West,2024-04-01
1359,Customer_1359,Female,60,Pune,South,2023-01-18
1360,Customer_1360,Male,42,Hyderabad,North,2025-02-08
1361,Customer_1361,Female,37,Jaipur,South,2021-09-27
1362,Customer_1362,Female,36,Delhi,South,2021-07-04
1363,Customer_1363,Male,40,Bangalore,East,2022-08-28
1364,Customer_1364,Female,41,Chennai,South,2022-11-01
1365,Customer_1365,Female,28,Kolkata,East,2023-05-01
1366,Customer_1366,Female,63,Bangalore,North,2021-12-26
1367,Customer_1367,Male,51,Chennai,East,2022-02-16
1368,Customer_1368,Female,45,Mumbai,North,2021-09-28
1369,Customer_1369,Male,22,Delhi,North,2024-01-10
1370,Customer_1370,Female,22,Jaipur,North,2023-01-20
1371,Customer_1371,Male,38,Ahmedabad,South,2023-12-24
1372,Customer_1372,Male,29,Pune,East,2023-10-25
1373,Customer_1373,Female,21,Bangalore,West,2022-07-13
1374,Customer_1374,Female,59,Chennai,South,2021-12-03
1375,Customer_1375,Male,37,Ahmedabad,North,2022-06-11
1376,Customer_1376,Male,55,Bangalore,West,2023-09-14
1377,Customer_1377,Female,42,Delhi,South,2022-08-28
1378,Customer_1378,Male,31,Jaipur,West,2022-11-25
1379,Customer_1379,Female,28,Lucknow,North,2021-08-24
1380,Customer_1380,Female,49,Bangalore,West,2023-08-18
1381,Customer_1381,Female,28,Bangalore,West,2021-06-04
1382,Customer_1382,Female,35,Jaipur,North,2021-10-16
1383,Customer_1383,Male,44,Mumbai,West,2022-04-08
1384,Customer_1384,Female,35,Hyderabad,South,2024-10-17
1385,Customer_1385,Male,40,Bangalore,West,2025-01-23
1386,Customer_1386,Female,28,Jaipur,East,2024-10-13
1387,Customer_1387,Male,38,Hyderabad,South,2023-03-25
1388,Customer_1388,Female,61,Jaipur,West,2024-02-16
1389,Customer_1389,Male,22,Jaipur,East,2023-01-20
1390,Customer_1390,Male,40,Mumbai,East,2021-07-04
1391,Customer_1391,Female,58,Jaipur,East,2023-03-20
1392,Customer_1392,Female,42,Delhi,West,2021-01-29
1393,Customer_1393,Female,58,Bangalore,North,2022-06-26
1394,Customer_1394,Female,27,Chennai,East,2024-01-04
1395,Customer_1395,Male,39,Chennai,North,2021-09-11
1396,Customer_1396,Female,36,Chennai,South,2023-07-21
1397,Customer_1397,Male,18,Jaipur,North,2023-01-25
1398,Customer_1398,Male,24,Ahmedabad,North,2024-10-09
1399,Customer_1399,Female,21,Hyderabad,North,2024-10-08
1400,Customer_1400,Male,18,Hyderabad,North,2022-06-21
1401,Customer_1401,Male,32,Jaipur,North,2024-04-12
1402,Customer_1402,Male,57,Delhi,South,2023-02-20
1403,Customer_1403,Male,29,Delhi,South,2024-07-31
1404,Customer_1404,Female,39,Pune,North,2023-01-31
1405,Customer_1405,Female,39,Jaipur,North,2021-08-10
1406,Customer_1406,Female,64,Kolkata,East,2024-10-14
1407,Customer_1407,Female,34,Mumbai,South,2022-04-24
1408,Customer_1408,Male,46,Chennai,West,2023-08-24
1409,Customer_1409,Male,63,Mumbai,South,2021-02-21
1410,Customer_1410,Female,31,Chennai,West,2024-06-22
1411,Customer_1411,Female,37,Lucknow,East,2024-02-24
1412,Customer_1412,Female,50,Lucknow,North,2022-11-03
1413,Customer_1413,Male,60,Jaipur,East,2024-06-03
1414,Customer_1414,Female,32,Lucknow,North,2022-03-30
1415,Customer_1415,Female,29,Ahmedabad,South,2024-08-19
1416,Customer_1416,Female,57,Pune,North,2021-05-10
1417,Customer_1417,Male,37,Delhi,West,2024-07-25
1418,Customer_1418,Male,47,Ahmedabad,West,2023-08-09
1419,Customer_1419,Male,55,Mumbai,East,2024-12-06
1420,Customer_1420,Male,20,Mumbai,South,2022-09-11
1421,Customer_1421,Male,45,Lucknow,West,2024-08-22
1422,Customer_1422,Male,43,Delhi,East,2023-04-17
1423,Customer_1423,Male,47,Pune,South,2021-08-27
1424,Customer_1424,Male,30,Chennai,South,2021-10-14
1425,Customer_1425,Female,30,Ahmedabad,East,2021-04-03
1426,Customer_1426,Female,19,Pune,West,2021-03-18
1427,Customer_1427,Male,54,Bangalore,West,2022-09-16
1428,Customer_1428,Male,55,Hyderabad,East,2023-10-06
1429,Customer_1429,Female,19,Lucknow,West,2021-08-26
1430,Customer_1430,Male,53,Chennai,East,2021-07-19
1431,Customer_1431,Male,43,Bangalore,West,2022-04-26
1432,Customer_1432,Male,28,Chennai,West,2024-01-06
1433,Customer_1433,Female,25,Chennai,East,2021-10-05
1434,Customer_1434,Female,61,Lucknow,East,2023-03-07
1435,Customer_1435,Female,57,Chennai,West,2023-07-19
1436,Customer_1436,Female,60,Pune,East,2023-01-30
1437,Customer_1437,Female,39,Pune,West,2024-10-05
1438,Customer_1438,Male,37,Bangalore,North,2024-11-27
1439,Customer_1439,Female,25,Mumbai,South,2024-01-12
1440,Customer_1440,Male,46,Delhi,South,2023-05-09
1441,Customer_1441,Male,57,Ahmedabad,West,2024-04-17
1442,Customer_1442,Female,43,Ahmedabad,South,2025-01-28
1443,Customer_1443,Female,47,Kolkata,West,2021-11-13
1444,Customer_1444,Male,34,Lucknow,East,2023-04-30
1445,Customer_1445,Male,37,Jaipur,North,2024-09-03
1446,Customer_1446,Male,33,Jaipur,South,2021-07-22
1447,Customer_1447,Female,63,Bangalore,South,2023-09-30
1448,Customer_1448,Female,60,Chennai,East,2024-06-14
1449,Customer_1449,Female,24,Chennai,North,2023-04-16
1450,Customer_1450,Female,33,Lucknow,North,2022-07-27
1451,Customer_1451,Female,62,Hyderabad,North,2021-03-09
1452,Customer_1452,Male,64,Mumbai,East,2024-11-14
1453,Customer_1453,Female,44,Kolkata,South,2023-01-29
1454,Customer_1454,Male,40,Pune,South,2022-03-21
1455,Customer_1455,Male,41,Chennai,North,2023-06-28
1456,Customer_1456,Male,26,Kolkata,East,2023-06-30
1457,Customer_1457,Female,52,Ahmedabad,East,2022-04-29
1458,Customer_1458,Female,37,Hyderabad,East,2023-01-13
1459,Customer_1459,Female,54,Pune,North,2021-07-23
1460,Customer_1460,Male,59,Lucknow,East,2024-11-05
1461,Customer_1461,Male,34,Kolkata,North,2023-01-23
1462,Customer_1462,Male,64,Bangalore,North,2024-01-21
1463,Customer_1463,Male,48,Pune,North,2024-08-13
1464,Customer_1464,Male,25,Lucknow,West,2023-01-05
1465,Customer_1465,Male,32,Jaipur,North,2021-05-05
1466,Customer_1466,Female,48,Lucknow,East,2023-03-27
1467,Customer_1467,Female,47,Lucknow,West,2022-07-20
1468,Customer_1468,Female,63,Pune,South,2022-01-24
1469,Customer_1469,Female,37,Hyderabad,South,2021-09-08
1470,Customer_1470,Male,56,Pune,East,2023-07-21
1471,Customer_1471,Male,29,Delhi,East,2021-07-07
1472,Customer_1472,Female,34,Mumbai,East,2024-09-19
1473,Customer_1473,Male,59,Hyderabad,East,2022-03-11
1474,Customer_1474,Female,47,Bangalore,West,2024-08-07
1475,Customer_1475,Female,46,Hyderabad,East,2024-08-02
1476,Customer_1476,Female,36,Ahmedabad,North,2024-05-07
1477,Customer_1477,Male,63,Bangalore,South,2021-02-13
1478,Customer_1478,Female,28,Jaipur,East,2021-04-14
1479,Customer_1479,Female,51,Pune,North,2022-11-15
1480,Customer_1480,Female,24,Lucknow,East,2022-05-14
1481,Customer_1481,Male,61,Pune,North,2021-09-15
1482,Customer_1482,Male,51,Ahmedabad,West,2024-03-02
1483,Customer_1483,Female,37,Kolkata,South,2022-02-25
1484,Customer_1484,Male,55,Ahmedabad,South,2021-05-21
1485,Customer_1485,Male,41,Delhi,West,2024-02-10
1486,Customer_1486,Male,27,Lucknow,North,2022-03-01
1487,Customer_1487,Male,49,Lucknow,East,2024-04-15
1488,Customer_1488,Male,32,Chennai,North,2022-03-19
1489,Customer_1489,Male,54,Kolkata,South,2022-04-23
1490,Customer_1490,Male,37,Chennai,West,2022-11-04
1491,Customer_1491,Male,20,Jaipur,West,2021-10-30
1492,Customer_1492,Male,54,Mumbai,North,2024-05-05
1493,Customer_1493,Male,57,Mumbai,North,2021-01-06
1494,Customer_1494,Female,25,Pune,West,2022-07-22
1495,Customer_1495,Female,57,Mumbai,South,2021-10-24
1496,Customer_1496,Male,61,Lucknow,East,2021-09-24
1497,Customer_1497,Female,40,Ahmedabad,East,2024-01-12
1498,Customer_1498,Female,57,Kolkata,North,2022-05-29
1499,Customer_1499,Male,28,Pune,West,2021-12-24
1500,Customer_1500,Male,63,Pune,West,2021-08-14
1501,Customer_1501,Male,25,Kolkata,West,2024-09-15
1502,Customer_1502,Female,46,Lucknow,South,2021-02-22
1503,Customer_1503,Female,47,Jaipur,North,2021-09-27
1504,Customer_1504,Male,27,Jaipur,North,2021-01-31
1505,Customer_1505,Male,56,Pune,North,2023-01-04
1506,Customer_1506,Male,45,Jaipur,South,2022-05-03
1507,Customer_1507,Female,53,Lucknow,North,2024-04-20
1508,Customer_1508,Female,30,Delhi,East,2022-10-26
1509,Customer_1509,Female,49,Delhi,North,2021-02-02
1510,Customer_1510,Female,53,Chennai,North,2021-12-23
1511,Customer_1511,Male,54,Hyderabad,North,2022-06-28
1512,Customer_1512,Male,43,Bangalore,South,2021-04-18
1513,Customer_1513,Male,39,Mumbai,East,2021-09-17
1514,Customer_1514,Male,21,Jaipur,East,2023-05-13
1515,Customer_1515,Female,48,Delhi,West,2023-12-14
1516,Customer_1516,Female,35,Ahmedabad,West,2021-08-21
1517,Customer_1517,Male,55,Kolkata,East,2021-05-11
1518,Customer_1518,Male,41,Hyderabad,North,2023-09-03
1519,Customer_1519,Female,40,Chennai,North,2023-07-08
1520,Customer_1520,Male,39,Bangalore,North,2023-01-12
1521,Customer_1521,Female,19,Delhi,South,2023-11-18
1522,Customer_1522,Male,48,Chennai,North,2024-04-30
1523,Customer_1523,Male,28,Hyderabad,South,2021-08-12
1524,Customer_1524,Male,45,Kolkata,East,2023-07-15
1525,Customer_1525,Male,63,Mumbai,North,2023-10-29
1526,Customer_1526,Male,49,Delhi,North,2022-03-30
1527,Customer_1527,Male,22,Kolkata,West,2024-06-13
1528,Customer_1528,Male,55,Bangalore,East,2021-03-30
1529,Customer_1529,Female,27,Jaipur,North,2025-01-29
1530,Customer_1530,Female,57,Hyderabad,South,2024-09-11
1531,Customer_1531,Female,63,Bangalore,East,2023-12-04
1532,Customer_1532,Female,41,Mumbai,West,2022-09-10
1533,Customer_1533,Female,52,Kolkata,East,2023-07-28
1534,Customer_1534,Male,61,Lucknow,South,2024-08-10
1535,Customer_1535,Male,40,Mumbai,West,2021-03-05
1536,Customer_1536,Female,34,Pune,South,2021-05-05
1537,Customer_1537,Male,18,Delhi,East,2023-09-08
1538,Customer_1538,Female,48,Jaipur,West,2023-04-03
1539,Customer_1539,Female,48,Hyderabad,South,2023-05-24
1540,Customer_1540,Male,59,Ahmedabad,East,2024-11-06
1541,Customer_1541,Male,59,Kolkata,South,2021-08-10
1542,Customer_1542,Male,51,Lucknow,North,2023-10-02
1543,Customer_1543,Female,26,Ahmedabad,East,2024-12-29
1544,Customer_1544,Male,39,Delhi,West,2023-06-28
1545,Customer_1545,Female,30,Delhi,West,2021-05-31
1546,Customer_1546,Female,42,Hyderabad,North,2021-06-15
1547,Customer_1547,Female,35,Lucknow,South,2022-10-22
1548,Customer_1548,Male,29,Delhi,South,2024-05-30
1549,Customer_1549,Male,57,Ahmedabad,West,2021-10-31
1550,Customer_1550,Female,34,Lucknow,South,2021-05-15
1551,Customer_1551,Male,32,Ahmedabad,East,2021-09-16
1552,Customer_1552,Male,59,Mumbai,East,2022-07-18
1553,Customer_1553,Male,32,Bangalore,West,2024-07-02
1554,Customer_1554,Female,32,Lucknow,East,2024-07-20
1555,Customer_1555,Female,56,Chennai,West,2024-04-13
1556,Customer_1556,Male,30,Bangalore,South,2024-01-29
1557,Customer_1557,Female,34,Bangalore,South,2024-12-29
1558,Customer_1558,Male,49,Lucknow,South,2022-10-28
1559,Customer_1559,Male,26,Jaipur,North,2023-02-20
1560,Customer_1560,Male,57,Delhi,West,2024-05-08
1561,Customer_1561,Male,37,Mumbai,East,2023-12-23
1562,Customer_1562,Female,43,Jaipur,South,2022-08-27
1563,Customer_1563,Female,44,Jaipur,North,2023-07-19
1564,Customer_1564,Female,38,Chennai,East,2023-11-02
1565,Customer_1565,Male,35,Kolkata,East,2024-05-24
1566,Customer_1566,Male,30,Lucknow,East,2023-06-01
1567,Customer_1567,Male,33,Ahmedabad,South,2021-07-23
1568,Customer_1568,Female,26,Delhi,East,2024-12-08
1569,Customer_1569,Male,29,Jaipur,West,2021-08-23
1570,Customer_1570,Female,61,Mumbai,North,2024-09-02
1571,Customer_1571,Female,55,Kolkata,East,2024-08-26
1572,Customer_1572,Female,36,Chennai,East,2024-02-04
1573,Customer_1573,Female,24,Pune,West,2025-01-16
1574,Customer_1574,Female,52,Delhi,East,2022-03-17
1575,Customer_1575,Female,35,Pune,South,2023-05-31
1576,Customer_1576,Male,33,Bangalore,South,2023-07-14
1577,Customer_1577,Male,56,Jaipur,South,2022-04-13
1578,Customer_1578,Female,21,Hyderabad,East,2023-04-28
1579,Customer_1579,Female,42,Delhi,North,2022-11-26
1580,Customer_1580,Male,49,Ahmedabad,North,2023-07-18
1581,Customer_1581,Female,57,Kolkata,East,2023-03-28
1582,Customer_1582,Female,30,Mumbai,North,2023-05-02
1583,Customer_1583,Male,62,Delhi,North,2025-02-03
1584,Customer_1584,Female,34,Ahmedabad,East,2021-07-14
1585,Customer_1585,Female,54,Lucknow,South,2022-10-03
1586,Customer_1586,Female,23,Pune,East,2023-05-25
1587,Customer_1587,Male,36,Lucknow,South,2022-10-03
1588,Customer_1588,Male,30,Kolkata,South,2024-09-24
1589,Customer_1589,Male,43,Chennai,North,2022-06-07
1590,Customer_1590,Female,31,Jaipur,North,2023-02-06
1591,Customer_1591,Female,48,Delhi,South,2021-11-09
1592,Customer_1592,Male,21,Hyderabad,South,2024-11-07
1593,Customer_1593,Female,56,Pune,North,2023-08-30
1594,Customer_1594,Female,25,Pune,West,2021-05-18
1595,Customer_1595,Female,42,Delhi,South,2021-07-06
1596,Customer_1596,Female,30,Bangalore,South,2021-06-24
1597,Customer_1597,Female,49,Lucknow,South,2021-07-10
1598,Customer_1598,Male,55,Pune,North,2023-06-04
1599,Customer_1599,Female,55,Ahmedabad,East,2021-07-17
1600,Customer_1600,Male,45,Mumbai,South,2023-02-03
1601,Customer_1601,Female,47,Jaipur,South,2021-09-24
1602,Customer_1602,Male,20,Pune,South,2024-02-14
1603,Customer_1603,Female,45,Ahmedabad,East,2021-05-03
1604,Customer_1604,Male,20,Kolkata,East,2024-04-16
1605,Customer_1605,Female,62,Kolkata,South,2024-02-25
1606,Customer_1606,Male,51,Jaipur,South,2024-02-25
1607,Customer_1607,Female,33,Bangalore,West,2022-11-07
1608,Customer_1608,Male,39,Hyderabad,East,2024-10-04
1609,Customer_1609,Female,49,Jaipur,West,2021-09-08
1610,Customer_1610,Male,55,Chennai,South,2023-04-22
1611,Customer_1611,Male,25,Bangalore,South,2022-12-26
1612,Customer_1612,Female,25,Pune,South,2024-09-24
1613,Customer_1613,Female,23,Jaipur,South,2023-05-17
1614,Customer_1614,Male,31,Lucknow,North,2025-01-16
1615,Customer_1615,Female,49,Kolkata,North,2021-04-16
1616,Customer_1616,Male,52,Ahmedabad,North,2022-08-13
1617,Customer_1617,Male,27,Jaipur,West,2024-05-14
1618,Customer_1618,Male,20,Lucknow,East,2022-10-02
1619,Customer_1619,Female,29,Bangalore,South,2022-12-22
1620,Customer_1620,Male,48,Chennai,East,2021-08-01
1621,Customer_1621,Male,46,Ahmedabad,North,2024-03-29
1622,Customer_1622,Female,22,Mumbai,South,2023-11-06
1623,Customer_1623,Female,42,Chennai,South,2022-03-12
1624,Customer_1624,Female,58,Pune,West,2021-11-13
1625,Customer_1625,Female,48,Lucknow,East,2024-09-06
1626,Customer_1626,Male,38,Jaipur,West,2023-09-15
1627,Customer_1627,Male,37,Jaipur,North,2022-04-05
1628,Customer_1628,Male,56,Delhi,East,2021-08-10
1629,Customer_1629,Male,39,Kolkata,North,2022-12-19
1630,Customer_1630,Female,21,Pune,West,2024-02-14
1631,Customer_1631,Male,30,Lucknow,West,2023-01-23
1632,Customer_1632,Male,62,Jaipur,South,2021-08-24
1633,Customer_1633,Female,59,Mumbai,East,2022-07-25
1634,Customer_1634,Male,37,Ahmedabad,East,2024-03-21
1635,Customer_1635,Male,30,Pune,South,2022-04-09
1636,Customer_1636,Male,34,Bangalore,East,2023-05-29
1637,Customer_1637,Male,53,Mumbai,North,2024-02-23
1638,Customer_1638,Male,50,Ahmedabad,North,2024-06-27
1639,Customer_1639,Male,18,Hyderabad,West,2024-06-10
1640,Customer_1640,Female,32,Kolkata,North,2024-10-14
1641,Customer_1641,Female,30,Pune,East,2024-08-09
1642,Customer_1642,Male,34,Lucknow,South,2024-02-15
1643,Customer_1643,Male,41,Chennai,West,2021-02-23
1644,Customer_1644,Female,25,Ahmedabad,South,2024-06-01
1645,Customer_1645,Male,44,Bangalore,West,2024-09-09
1646,Customer_1646,Male,62,Jaipur,West,2024-11-21
1647,Customer_1647,Male,40,Chennai,South,2022-07-02
1648,Customer_1648,Female,63,Mumbai,North,2021-03-01
1649,Customer_1649,Male,25,Kolkata,North,2022-01-05
1650,Customer_1650,Female,25,Lucknow,North,2022-07-14
1651,Customer_1651,Male,43,Chennai,North,2024-12-10
1652,Customer_1652,Female,64,Bangalore,South,2022-09-25
1653,Customer_1653,Female,30,Ahmedabad,East,2022-11-27
1654,Customer_1654,Male,56,Lucknow,West,2022-12-20
1655,Customer_1655,Female,54,Hyderabad,South,2021-01-13
1656,Customer_1656,Male,45,Jaipur,North,2022-01-07
1657,Customer_1657,Female,42,Kolkata,North,2021-10-21
1658,Customer_1658,Male,33,Chennai,South,2024-03-05
1659,Customer_1659,Male,19,Kolkata,West,2024-09-08
1660,Customer_1660,Female,35,Kolkata,South,2023-04-01
1661,Customer_1661,Male,34,Kolkata,South,2021-05-23
1662,Customer_1662,Male,47,Ahmedabad,East,2021-10-18
1663,Customer_1663,Female,56,Kolkata,South,2024-07-20
1664,Customer_1664,Male,30,Hyderabad,East,2021-03-04
1665,Customer_1665,Male,49,Mumbai,West,2021-07-07
1666,Customer_1666,Female,46,Bangalore,South,2023-12-23
1667,Customer_1667,Female,63,Lucknow,South,2022-03-17
1668,Customer_1668,Male,47,Hyderabad,North,2023-02-10
1669,Customer_1669,Male,35,Lucknow,South,2023-05-10
1670,Customer_1670,Female,30,Bangalore,North,2023-07-19
1671,Customer_1671,Female,60,Mumbai,North,2022-11-30
1672,Customer_1672,Male,38,Pune,North,2021-11-19
1673,Customer_1673,Female,47,Lucknow,West,2023-01-28
1674,Customer_1674,Male,38,Lucknow,East,2022-10-01
1675,Customer_1675,Male,34,Mumbai,North,2025-01-17
1676,Customer_1676,Male,57,Chennai,South,2022-10-27
1677,Customer_1677,Male,36,Hyderabad,South,2024-03-08
1678,Customer_1678,Male,32,Chennai,North,2024-05-06
1679,Customer_1679,Female,26,Chennai,North,2021-06-23
1680,Customer_1680,Female,27,Chennai,South,2021-04-18
1681,Customer_1681,Female,61,Kolkata,North,2021-11-15
1682,Customer_1682,Female,48,Jaipur,East,2021-11-19
1683,Customer_1683,Male,40,Lucknow,East,2024-06-19
1684,Customer_1684,Male,47,Chennai,West,2021-04-12
1685,Customer_1685,Male,50,Hyderabad,North,2024-10-12
1686,Customer_1686,Male,26,Jaipur,West,2021-06-17
1687,Customer_1687,Female,64,Jaipur,West,2022-07-12
1688,Customer_1688,Male,18,Chennai,West,2023-06-27
1689,Customer_1689,Male,61,Ahmedabad,North,2024-09-17
1690,Customer_1690,Female,52,Chennai,West,2023-05-19
1691,Customer_1691,Female,28,Ahmedabad,East,2023-09-22
1692,Customer_1692,Female,51,Chennai,West,2024-05-28
1693,Customer_1693,Female,33,Hyderabad,East,2023-06-25
1694,Customer_1694,Male,26,Ahmedabad,East,2023-04-29
1695,Customer_1695,Male,49,Kolkata,North,2022-07-14
1696,Customer_1696,Female,32,Jaipur,West,2022-03-18
1697,Customer_1697,Male,29,Chennai,North,2023-11-16
1698,Customer_1698,Male,50,Jaipur,East,2021-08-22
1699,Customer_1699,Male,62,Chennai,South,2022-12-08
1700,Customer_1700,Female,31,Lucknow,West,2023-05-31
1701,Customer_1701,Male,25,Lucknow,North,2021-08-16
1702,Customer_1702,Female,25,Delhi,South,2022-08-04
1703,Customer_1703,Male,44,Chennai,West,2024-10-20
1704,Customer_1704,Male,29,Delhi,West,2024-10-21
1705,Customer_1705,Male,18,Mumbai,North,2024-04-29
1706,Customer_1706,Female,60,Mumbai,South,2023-09-24
1707,Customer_1707,Male,57,Jaipur,North,2023-12-16
1708,Customer_1708,Female,59,Ahmedabad,West,2024-09-28
1709,Customer_1709,Female,28,Chennai,West,2022-09-24
1710,Customer_1710,Female,56,Bangalore,East,2021-04-04
1711,Customer_1711,Male,60,Chennai,West,2022-03-28
1712,Customer_1712,Male,48,Chennai,West,2023-03-21
1713,Customer_1713,Male,34,Bangalore,South,2024-05-12
1714,Customer_1714,Male,50,Mumbai,South,2021-04-23
1715,Customer_1715,Female,49,Delhi,East,2021-01-16
1716,Customer_1716,Female,46,Jaipur,East,2022-02-23
1717,Customer_1717,Female,38,Mumbai,East,2022-09-10
1718,Customer_1718,Male,38,Bangalore,North,2022-03-09
1719,Customer_1719,Female,57,Chennai,North,2021-10-09
1720,Customer_1720,Male,40,Mumbai,East,2022-06-08
1721,Customer_1721,Female,23,Hyderabad,North,2022-08-16
1722,Customer_1722,Male,39,Lucknow,West,2022-11-03
1723,Customer_1723,Male,55,Chennai,East,2021-09-03
1724,Customer_1724,Female,54,Pune,East,2021-01-16
1725,Customer_1725,Female,62,Bangalore,North,2023-10-16
1726,Customer_1726,Female,25,Kolkata,South,2023-06-01
1727,Customer_1727,Female,58,Ahmedabad,East,2021-12-26
1728,Customer_1728,Male,52,Kolkata,North,2021-09-22
1729,Customer_1729,Female,28,Mumbai,North,2023-02-18
1730,Customer_1730,Female,41,Chennai,South,2023-12-27
1731,Customer_1731,Female,38,Ahmedabad,East,2024-12-12
1732,Customer_1732,Male,19,Ahmedabad,South,2022-04-17
1733,Customer_1733,Male,57,Jaipur,West,2023-10-22
1734,Customer_1734,Female,36,Kolkata,South,2024-02-19
1735,Customer_1735,Male,56,Chennai,South,2024-09-30
1736,Customer_1736,Female,45,Jaipur,North,2022-12-27
1737,Customer_1737,Male,34,Delhi,South,2021-05-28
1738,Customer_1738,Male,23,Kolkata,West,2023-03-25
1739,Customer_1739,Male,36,Lucknow,North,2021-03-28
1740,Customer_1740,Male,55,Lucknow,West,2023-06-13
1741,Customer_1741,Female,45,Jaipur,South,2021-02-08
1742,Customer_1742,Female,19,Delhi,West,2023-07-31
1743,Customer_1743,Female,55,Hyderabad,West,2021-06-09
1744,Customer_1744,Male,54,Hyderabad,South,2022-10-04
1745,Customer_1745,Female,21,Lucknow,South,2024-03-25
1746,Customer_1746,Female,39,Pune,North,2023-05-30
1747,Customer_1747,Female,43,Bangalore,North,2024-03-20
1748,Customer_1748,Male,60,Bangalore,East,2023-04-09
1749,Customer_1749,Male,53,Pune,North,2024-12-24
1750,Customer_1750,Male,30,Jaipur,South,2024-08-04
1751,Customer_1751,Female,49,Bangalore,West,2023-05-06
1752,Customer_1752,Female,34,Bangalore,West,2022-08-16
1753,Customer_1753,Female,58,Kolkata,North,2021-08-24
1754,Customer_1754,Male,53,Kolkata,North,2023-04-10
1755,Customer_1755,Male,63,Pune,South,2021-02-12
1756,Customer_1756,Female,36,Chennai,West,2022-10-28
1757,Customer_1757,Male,52,Delhi,East,2021-12-18
1758,Customer_1758,Male,63,Jaipur,East,2024-06-19
1759,Customer_1759,Male,57,Kolkata,North,2023-08-01
1760,Customer_1760,Male,45,Kolkata,East,2024-11-13
1761,Customer_1761,Female,18,Hyderabad,South,2023-01-12
1762,Customer_1762,Male,59,Delhi,East,2021-06-30
1763,Customer_1763,Male,35,Hyderabad,North,2023-06-14
1764,Customer_1764,Male,57,Chennai,South,2021-08-05
1765,Customer_1765,Male,50,Delhi,West,2022-05-14
1766,Customer_1766,Female,29,Bangalore,South,2023-06-12
1767,Customer_1767,Female,25,Hyderabad,North,2024-04-21
1768,Customer_1768,Male,41,Lucknow,North,2023-04-01
1769,Customer_1769,Male,33,Jaipur,East,2023-12-10
1770,Customer_1770,Male,21,Bangalore,East,2021-06-11
1771,Customer_1771,Male,55,Delhi,West,2023-03-22
1772,Customer_1772,Male,61,Lucknow,West,2022-09-28
1773,Customer_1773,Male,44,Chennai,North,2022-11-27
1774,Customer_1774,Female,26,Lucknow,North,2022-03-30
1775,Customer_1775,Male,64,Kolkata,North,2022-11-14
1776,Customer_1776,Female,33,Pune,West,2021-12-11
1777,Customer_1777,Female,29,Lucknow,North,2021-06-06
1778,Customer_1778,Male,48,Ahmedabad,West,2023-11-12
1779,Customer_1779,Female,41,Chennai,North,2024-07-20
1780,Customer_1780,Female,31,Bangalore,South,2021-08-22
1781,Customer_1781,Female,62,Hyderabad,South,2023-12-23
1782,Customer_1782,Female,42,Mumbai,North,2023-11-11
1783,Customer_1783,Female,51,Chennai,South,2022-02-02
1784,Customer_1784,Female,20,Ahmedabad,West,2022-12-17
1785,Customer_1785,Male,41,Kolkata,East,2022-12-21
1786,Customer_1786,Female,59,Hyderabad,South,2025-01-29
1787,Customer_1787,Female,26,Jaipur,East,2024-08-14
1788,Customer_1788,Female,43,Mumbai,South,2021-10-30
1789,Customer_1789,Male,37,Lucknow,West,2022-04-29
1790,Customer_1790,Female,57,Ahmedabad,South,2021-07-30
1791,Customer_1791,Male,27,Lucknow,South,2021-10-27
1792,Customer_1792,Female,36,Jaipur,North,2022-06-09
1793,Customer_1793,Male,20,Chennai,East,2022-02-09
1794,Customer_1794,Male,41,Pune,East,2021-12-22
1795,Customer_1795,Female,22,Ahmedabad,West,2024-05-18
1796,Customer_1796,Female,20,Delhi,West,2021-11-10
1797,Customer_1797,Male,44,Bangalore,East,2024-09-04
1798,Customer_1798,Female,33,Delhi,North,2021-06-04
1799,Customer_1799,Male,32,Pune,North,2021-12-29
1800,Customer_1800,Male,52,Jaipur,East,2024-07-10
1801,Customer_1801,Male,29,Delhi,South,2023-10-09
1802,Customer_1802,Male,58,Kolkata,East,2023-08-09
1803,Customer_1803,Male,61,Ahmedabad,South,2024-02-29
1804,Customer_1804,Female,43,Kolkata,East,2024-04-01
1805,Customer_1805,Male,64,Mumbai,South,2023-07-09
1806,Customer_1806,Male,51,Pune,North,2024-10-26
1807,Customer_1807,Female,40,Mumbai,East,2024-03-02
1808,Customer_1808,Male,48,Mumbai,West,2024-08-09
1809,Customer_1809,Female,37,Mumbai,South,2024-07-25
1810,Customer_1810,Female,29,Chennai,North,2024-07-03
1811,Customer_1811,Female,40,Chennai,West,2022-10-24
1812,Customer_1812,Male,21,Pune,North,2024-07-08
1813,Customer_1813,Male,40,Hyderabad,South,2022-10-10
1814,Customer_1814,Male,18,Delhi,East,2021-11-06
1815,Customer_1815,Female,42,Chennai,North,2023-06-20
1816,Customer_1816,Male,19,Lucknow,East,2021-05-20
1817,Customer_1817,Female,47,Kolkata,East,2023-08-19
1818,Customer_1818,Male,20,Chennai,North,2023-06-25
1819,Customer_1819,Female,38,Jaipur,North,2024-07-17
1820,Customer_1820,Male,42,Mumbai,North,2022-09-13
1821,Customer_1821,Male,37,Chennai,East,2022-07-17
1822,Customer_1822,Male,39,Pune,West,2024-04-26
1823,Customer_1823,Female,38,Kolkata,South,2021-04-26
1824,Customer_1824,Female,50,Kolkata,West,2022-12-22
1825,Customer_1825,Male,55,Hyderabad,East,2023-11-06
1826,Customer_1826,Male,32,Bangalore,North,2021-06-01
1827,Customer_1827,Female,63,Bangalore,North,2022-09-28
1828,Customer_1828,Female,32,Delhi,South,2023-08-04
1829,Customer_1829,Female,63,Lucknow,South,2023-07-15
1830,Customer_1830,Male,42,Ahmedabad,West,2021-03-19
1831,Customer_1831,Female,38,Pune,West,2021-04-27
1832,Customer_1832,Male,41,Jaipur,South,2023-01-26
1833,Customer_1833,Female,22,Chennai,East,2022-08-11
1834,Customer_1834,Male,23,Pune,West,2021-06-07
1835,Customer_1835,Female,60,Lucknow,North,2024-08-13
1836,Customer_1836,Female,61,Bangalore,North,2021-07-04
1837,Customer_1837,Female,64,Pune,East,2024-06-13
1838,Customer_1838,Female,40,Chennai,South,2024-05-01
1839,Customer_1839,Female,21,Hyderabad,West,2023-11-05
1840,Customer_1840,Male,44,Delhi,North,2023-02-27
1841,Customer_1841,Female,35,Hyderabad,South,2023-08-06
1842,Customer_1842,Female,38,Bangalore,West,2024-04-03
1843,Customer_1843,Female,45,Mumbai,East,2024-02-10
1844,Customer_1844,Male,52,Bangalore,North,2021-03-26
1845,Customer_1845,Female,39,Delhi,East,2023-07-11
1846,Customer_1846,Male,57,Chennai,East,2024-03-16
1847,Customer_1847,Female,40,Lucknow,East,2024-08-27
1848,Customer_1848,Female,20,Ahmedabad,West,2022-01-21
1849,Customer_1849,Male,57,Hyderabad,East,2022-10-21
1850,Customer_1850,Female,27,Bangalore,West,2024-05-24
1851,Customer_1851,Male,42,Lucknow,West,2023-09-02
1852,Customer_1852,Male,25,Hyderabad,East,2023-10-24
1853,Customer_1853,Female,28,Bangalore,East,2021-11-05
1854,Customer_1854,Male,22,Delhi,South,2021-05-07
1855,Customer_1855,Female,62,Hyderabad,North,2023-07-12
1856,Customer_1856,Female,54,Bangalore,South,2021-07-31
1857,Customer_1857,Male,62,Chennai,North,2022-12-05
1858,Customer_1858,Male,55,Delhi,North,2025-01-02
1859,Customer_1859,Male,46,Lucknow,South,2021-06-22
1860,Customer_1860,Male,22,Lucknow,South,2023-10-31
1861,Customer_1861,Female,26,Ahmedabad,North,2024-08-16
1862,Customer_1862,Female,19,Pune,North,2021-12-20
1863,Customer_1863,Male,18,Mumbai,North,2021-03-22
1864,Customer_1864,Female,57,Chennai,West,2022-05-23
1865,Customer_1865,Female,47,Delhi,North,2024-12-20
1866,Customer_1866,Female,28,Hyderabad,East,2023-06-16
1867,Customer_1867,Female,45,Lucknow,East,2023-06-19
1868,Customer_1868,Male,61,Chennai,East,2023-12-10
1869,Customer_1869,Male,29,Delhi,South,2023-12-07
1870,Customer_1870,Female,56,Delhi,South,2024-06-02
1871,Customer_1871,Male,43,Hyderabad,South,2021-11-22
1872,Customer_1872,Male,30,Delhi,North,2023-01-16
1873,Customer_1873,Male,25,Jaipur,East,2023-02-03
1874,Customer_1874,Female,45,Chennai,North,2022-08-03
1875,Customer_1875,Female,47,Bangalore,West,2023-03-05
1876,Customer_1876,Female,26,Lucknow,West,2023-04-18
1877,Customer_1877,Male,56,Lucknow,South,2022-11-24
1878,Customer_1878,Female,48,Bangalore,West,2024-10-22
1879,Customer_1879,Female,38,Chennai,East,2024-05-09
1880,Customer_1880,Male,64,Mumbai,West,2021-04-18
1881,Customer_1881,Female,51,Chennai,South,2024-07-16
1882,Customer_1882,Female,48,Kolkata,North,2024-08-18
1883,Customer_1883,Male,42,Delhi,West,2022-11-17
1884,Customer_1884,Male,29,Pune,East,2021-05-15
1885,Customer_1885,Male,18,Hyderabad,East,2022-11-07
1886,Customer_1886,Female,39,Jaipur,East,2021-07-13
1887,Customer_1887,Female,57,Pune,North,2024-02-17
1888,Customer_1888,Female,54,Bangalore,East,2024-10-21
1889,Customer_1889,Male,64,Hyderabad,South,2023-03-03
1890,Customer_1890,Male,18,Hyderabad,South,2022-08-05
1891,Customer_1891,Female,18,Hyderabad,East,2022-06-01
1892,Customer_1892,Female,59,Lucknow,West,2025-01-22
1893,Customer_1893,Male,59,Jaipur,East,2024-09-06
1894,Customer_1894,Male,38,Lucknow,South,2024-05-19
1895,Customer_1895,Male,32,Delhi,South,2021-11-04
1896,Customer_1896,Male,34,Kolkata,South,2022-11-14
1897,Customer_1897,Female,39,Ahmedabad,West,2021-06-16
1898,Customer_1898,Male,55,Jaipur,West,2024-04-08
1899,Customer_1899,Female,52,Pune,West,2024-09-21
1900,Customer_1900,Female,62,Delhi,South,2021-10-17
1901,Customer_1901,Female,33,Chennai,North,2022-12-18
1902,Customer_1902,Male,25,Bangalore,East,2022-09-28
1903,Customer_1903,Male,64,Kolkata,East,2024-09-05
1904,Customer_1904,Male,34,Delhi,South,2024-12-01
1905,Customer_1905,Male,34,Chennai,West,2024-09-18
1906,Customer_1906,Female,43,Kolkata,North,2023-03-14
1907,Customer_1907,Male,30,Chennai,North,2021-09-22
1908,Customer_1908,Male,34,Jaipur,West,2024-05-03
1909,Customer_1909,Female,55,Chennai,East,2024-12-22
1910,Customer_1910,Male,34,Kolkata,East,2021-06-23
1911,Customer_1911,Female,31,Chennai,North,2022-09-27
1912,Customer_1912,Female,62,Pune,North,2024-02-19
1913,Customer_1913,Female,23,Delhi,West,2023-02-11
1914,Customer_1914,Female,52,Kolkata,East,2024-08-10
1915,Customer_1915,Female,63,Pune,North,2022-11-04
1916,Customer_1916,Female,31,Chennai,East,2021-09-19
1917,Customer_1917,Female,64,Chennai,North,2024-10-04
1918,Customer_1918,Female,25,Hyderabad,West,2024-12-10
1919,Customer_1919,Male,32,Kolkata,East,2024-11-04
1920,Customer_1920,Male,44,Jaipur,North,2023-12-15
1921,Customer_1921,Male,30,Chennai,North,2021-07-11
1922,Customer_1922,Male,48,Bangalore,North,2024-08-16
1923,Customer_1923,Female,52,Lucknow,North,2024-10-05
1924,Customer_1924,Male,23,Ahmedabad,West,2023-05-18
1925,Customer_1925,Female,22,Lucknow,East,2023-11-08
1926,Customer_1926,Male,39,Jaipur,East,2023-01-12
1927,Customer_1927,Male,40,Delhi,South,2021-02-07
1928,Customer_1928,Male,42,Mumbai,East,2023-01-13
1929,Customer_1929,Female,51,Bangalore,South,2022-09-25
1930,Customer_1930,Male,43,Mumbai,North,2022-01-05
1931,Customer_1931,Female,64,Chennai,West,2022-03-15
1932,Customer_1932,Female,22,Delhi,West,2022-12-01
1933,Customer_1933,Male,43,Pune,North,2023-09-23
1934,Customer_1934,Male,37,Chennai,South,2022-01-29
1935,Customer_1935,Male,23,Mumbai,North,2022-04-09
1936,Customer_1936,Female,23,Chennai,West,2021-10-09
1937,Customer_1937,Male,35,Ahmedabad,West,2021-11-14
1938,Customer_1938,Female,21,Hyderabad,East,2021-06-08
1939,Customer_1939,Female,34,Ahmedabad,South,2022-08-29
1940,Customer_1940,Male,31,Delhi,East,2021-07-27
1941,Customer_1941,Male,31,Pune,West,2023-11-06
1942,Customer_1942,Female,30,Ahmedabad,West,2024-01-11
1943,Customer_1943,Female,24,Kolkata,East,2023-12-15
1944,Customer_1944,Female,61,Pune,East,2021-03-19
1945,Customer_1945,Male,32,Mumbai,West,2024-09-17
1946,Customer_1946,Female,36,Ahmedabad,East,2022-11-21
1947,Customer_1947,Male,60,Hyderabad,East,2024-06-19
1948,Customer_1948,Female,64,Pune,South,2021-09-26
1949,Customer_1949,Female,61,Chennai,West,2024-05-08
1950,Customer_1950,Male,52,Hyderabad,North,2023-02-11
1951,Customer_1951,Female,34,Chennai,South,2021-11-12
1952,Customer_1952,Male,52,Ahmedabad,North,2021-11-29
1953,Customer_1953,Male,36,Bangalore,East,2022-01-06
1954,Customer_1954,Female,37,Bangalore,East,2024-11-19
1955,Customer_1955,Male,53,Mumbai,North,2024-07-03
1956,Customer_1956,Male,52,Hyderabad,East,2021-12-06
1957,Customer_1957,Female,49,Chennai,East,2025-01-16
1958,Customer_1958,Male,61,Jaipur,South,2023-06-16
1959,Customer_1959,Male,57,Hyderabad,North,2021-03-31
1960,Customer_1960,Male,41,Kolkata,South,2023-04-22
1961,Customer_1961,Female,34,Mumbai,North,2023-01-17
1962,Customer_1962,Male,24,Lucknow,South,2024-10-17
1963,Customer_1963,Female,60,Lucknow,West,2025-01-13
1964,Customer_1964,Female,18,Chennai,West,2022-05-02
1965,Customer_1965,Male,52,Bangalore,North,2023-06-29
1966,Customer_1966,Male,49,Pune,West,2024-06-04
1967,Customer_1967,Male,53,Kolkata,South,2022-08-07
1968,Customer_1968,Female,30,Lucknow,North,2023-07-09
1969,Customer_1969,Male,23,Chennai,West,2022-04-25
1970,Customer_1970,Male,31,Chennai,West,2023-12-30
1971,Customer_1971,Male,54,Ahmedabad,North,2022-05-05
1972,Customer_1972,Male,32,Bangalore,West,2022-09-26
1973,Customer_1973,Male,64,Hyderabad,West,2023-08-19
1974,Customer_1974,Female,21,Pune,North,2022-02-02
1975,Customer_1975,Female,57,Ahmedabad,West,2023-01-24
1976,Customer_1976,Male,33,Lucknow,West,2024-10-21
1977,Customer_1977,Male,45,Pune,West,2024-03-14
1978,Customer_1978,Male,33,Mumbai,West,2023-06-22
1979,Customer_1979,Male,21,Bangalore,East,2023-08-04
1980,Customer_1980,Female,62,Lucknow,North,2022-08-01
1981,Customer_1981,Male,43,Chennai,East,2023-02-22
1982,Customer_1982,Female,45,Lucknow,East,2023-10-27
1983,Customer_1983,Female,49,Jaipur,South,2023-12-17
1984,Customer_1984,Male,62,Delhi,East,2023-05-08
1985,Customer_1985,Female,19,Delhi,East,2021-11-28
1986,Customer_1986,Female,48,Lucknow,South,2022-02-13
1987,Customer_1987,Female,20,Jaipur,West,2024-05-23
1988,Customer_1988,Female,25,Lucknow,West,2021-10-11
1989,Customer_1989,Male,41,Delhi,East,2022-05-28
1990,Customer_1990,Male,32,Ahmedabad,South,2021-04-17
1991,Customer_1991,Female,60,Mumbai,West,2024-08-06
1992,Customer_1992,Male,48,Delhi,South,2023-09-12
1993,Customer_1993,Male,26,Mumbai,North,2023-01-31
1994,Customer_1994,Male,56,Chennai,North,2024-02-10
1995,Customer_1995,Male,62,Mumbai,North,2021-07-30
1996,Customer_1996,Male,19,Ahmedabad,North,2024-12-27
1997,Customer_1997,Female,25,Jaipur,East,2023-11-23
1998,Customer_1998,Male,24,Mumbai,North,2021-09-13
1999,Customer_1999,Male,61,Pune,North,2022-08-07
2000,Customer_2000,Male,56,Hyderabad,South,2021-06-21
2001,Customer_2001,Male,59,Delhi,West,2021-11-25
2002,Customer_2002,Female,33,Jaipur,South,2022-07-13
2003,Customer_2003,Female,52,Kolkata,East,2023-07-10
2004,Customer_2004,Female,47,Chennai,North,2023-11-18
2005,Customer_2005,Female,27,Hyderabad,West,2021-10-29
2006,Customer_2006,Male,55,Pune,West,2023-06-15
2007,Customer_2007,Female,35,Bangalore,North,2021-07-07
2008,Customer_2008,Male,22,Ahmedabad,North,2022-03-31
2009,Customer_2009,Male,46,Lucknow,East,2023-07-13
2010,Customer_2010,Male,56,Hyderabad,East,2022-12-17
2011,Customer_2011,Male,51,Jaipur,North,2021-02-24
2012,Customer_2012,Male,60,Jaipur,North,2023-04-30
2013,Customer_2013,Female,62,Jaipur,North,2021-04-20
2014,Customer_2014,Female,40,Chennai,North,2023-03-23
2015,Customer_2015,Female,22,Mumbai,West,2023-10-26
2016,Customer_2016,Female,47,Delhi,East,2023-02-05
2017,Customer_2017,Male,23,Bangalore,North,2022-04-28
2018,Customer_2018,Female,63,Lucknow,North,2023-03-02
2019,Customer_2019,Male,61,Jaipur,West,2021-06-17
2020,Customer_2020,Female,21,Lucknow,South,2023-02-07
2021,Customer_2021,Male,46,Kolkata,North,2022-04-05
2022,Customer_2022,Male,40,Chennai,West,2021-02-27
2023,Customer_2023,Female,23,Jaipur,West,2022-10-15
2024,Customer_2024,Male,49,Kolkata,South,2021-07-22
2025,Customer_2025,Male,59,Bangalore,East,2025-01-03
2026,Customer_2026,Female,35,Bangalore,East,2024-08-24
2027,Customer_2027,Male,32,Delhi,East,2022-11-18
2028,Customer_2028,Female,57,Pune,North,2021-10-27
2029,Customer_2029,Female,49,Delhi,East,2021-10-09
2030,Customer_2030,Female,26,Mumbai,North,2021-03-20
2031,Customer_2031,Male,54,Lucknow,North,2022-08-11
2032,Customer_2032,Male,27,Ahmedabad,West,2023-08-26
2033,Customer_2033,Male,37,Bangalore,East,2024-11-26
2034,Customer_2034,Female,23,Ahmedabad,East,2021-10-12
2035,Customer_2035,Male,20,Chennai,East,2024-12-15
2036,Customer_2036,Female,59,Hyderabad,North,2023-08-19
2037,Customer_2037,Female,28,Jaipur,North,2023-07-08
2038,Customer_2038,Male,60,Chennai,East,2024-06-14
2039,Customer_2039,Female,34,Bangalore,North,2021-01-11
2040,Customer_2040,Male,49,Kolkata,North,2021-06-12
2041,Customer_2041,Male,21,Lucknow,South,2021-02-08
2042,Customer_2042,Male,21,Ahmedabad,South,2022-06-09
2043,Customer_2043,Male,34,Delhi,East,2022-03-18
2044,Customer_2044,Male,58,Hyderabad,East,2021-11-03
2045,Customer_2045,Female,36,Pune,South,2024-01-29
2046,Customer_2046,Female,22,Chennai,North,2025-01-29
2047,Customer_2047,Female,49,Pune,North,2024-05-31
2048,Customer_2048,Male,39,Ahmedabad,West,2023-12-17
2049,Customer_2049,Male,23,Ahmedabad,East,2023-05-17
2050,Customer_2050,Male,52,Jaipur,East,2021-08-16
2051,Customer_2051,Female,39,Kolkata,East,2022-08-14
2052,Customer_2052,Male,18,Kolkata,West,2022-05-02
2053,Customer_2053,Female,37,Mumbai,West,2022-09-09
2054,Customer_2054,Female,39,Delhi,North,2021-09-07
2055,Customer_2055,Male,28,Bangalore,South,2021-04-08
2056,Customer_2056,Male,30,Bangalore,South,2022-05-04
2057,Customer_2057,Female,59,Ahmedabad,South,2023-05-10
2058,Customer_2058,Male,20,Chennai,North,2024-08-01
2059,Customer_2059,Female,26,Lucknow,South,2024-06-29
2060,Customer_2060,Male,29,Bangalore,West,2023-07-26
2061,Customer_2061,Male,40,Bangalore,West,2021-05-09
2062,Customer_2062,Female,31,Chennai,East,2021-08-16
2063,Customer_2063,Male,50,Delhi,South,2023-10-21
2064,Customer_2064,Female,35,Hyderabad,West,2024-05-07
2065,Customer_2065,Male,58,Kolkata,East,2024-01-03
2066,Customer_2066,Female,26,Jaipur,South,2021-02-03
2067,Customer_2067,Female,40,Jaipur,South,2024-07-18
2068,Customer_2068,Male,27,Jaipur,West,2023-11-22
2069,Customer_2069,Female,36,Chennai,East,2024-03-23
2070,Customer_2070,Male,64,Jaipur,East,2022-05-11
2071,Customer_2071,Male,22,Ahmedabad,West,2025-01-11
2072,Customer_2072,Male,64,Mumbai,West,2021-10-22
2073,Customer_2073,Female,40,Chennai,West,2022-08-20
2074,Customer_2074,Female,47,Chennai,South,2023-05-30
2075,Customer_2075,Male,42,Kolkata,West,2021-01-04
2076,Customer_2076,Male,45,Jaipur,West,2024-06-13
2077,Customer_2077,Female,51,Pune,North,2022-12-24
2078,Customer_2078,Male,62,Hyderabad,West,2022-05-08
2079,Customer_2079,Male,64,Mumbai,West,2024-03-14
2080,Customer_2080,Female,42,Chennai,South,2023-05-04
2081,Customer_2081,Male,27,Mumbai,East,2022-01-19
2082,Customer_2082,Female,31,Chennai,South,2024-09-22
2083,Customer_2083,Male,59,Delhi,North,2024-09-30
2084,Customer_2084,Female,63,Kolkata,West,2021-06-25
2085,Customer_2085,Male,47,Ahmedabad,West,2023-12-09
2086,Customer_2086,Male,58,Delhi,West,2023-01-09
2087,Customer_2087,Female,42,Lucknow,West,2021-05-19
2088,Customer_2088,Male,31,Jaipur,West,2023-12-14
2089,Customer_2089,Female,52,Lucknow,West,2024-01-20
2090,Customer_2090,Male,51,Hyderabad,North,2023-11-06
2091,Customer_2091,Female,27,Pune,West,2023-11-06
2092,Customer_2092,Female,52,Ahmedabad,West,2024-02-09
2093,Customer_2093,Female,28,Delhi,West,2021-02-11
2094,Customer_2094,Female,28,Mumbai,North,2023-03-11
2095,Customer_2095,Male,38,Mumbai,West,2023-08-21
2096,Customer_2096,Male,38,Hyderabad,North,2021-03-31
2097,Customer_2097,Female,39,Chennai,South,2024-07-25
2098,Customer_2098,Female,62,Mumbai,West,2023-03-04
2099,Customer_2099,Female,24,Jaipur,East,2023-02-04
2100,Customer_2100,Male,34,Pune,North,2022-06-04
2101,Customer_2101,Male,19,Kolkata,South,2021-02-03
2102,Customer_2102,Male,29,Jaipur,North,2023-01-02
2103,Customer_2103,Male,59,Pune,North,2021-05-19
2104,Customer_2104,Female,35,Hyderabad,South,2022-12-08
2105,Customer_2105,Female,28,Jaipur,West,2022-05-09
2106,Customer_2106,Female,33,Kolkata,West,2024-09-07
2107,Customer_2107,Male,35,Kolkata,North,2024-07-10
2108,Customer_2108,Male,52,Bangalore,South,2021-08-01
2109,Customer_2109,Male,43,Chennai,West,2024-04-06
2110,Customer_2110,Female,33,Hyderabad,North,2022-11-12
2111,Customer_2111,Female,23,Jaipur,East,2021-10-01
2112,Customer_2112,Male,61,Ahmedabad,South,2021-04-01
2113,Customer_2113,Female,60,Ahmedabad,East,2022-12-23
2114,Customer_2114,Male,64,Hyderabad,East,2024-01-24
2115,Customer_2115,Male,64,Jaipur,North,2022-11-25
2116,Customer_2116,Female,59,Delhi,South,2024-08-09
2117,Customer_2117,Male,29,Delhi,West,2021-12-25
2118,Customer_2118,Female,30,Chennai,West,2024-11-03
2119,Customer_2119,Male,21,Jaipur,North,2023-08-10
2120,Customer_2120,Female,56,Kolkata,West,2024-11-25
2121,Customer_2121,Female,19,Mumbai,West,2023-09-08
2122,Customer_2122,Female,43,Ahmedabad,East,2024-07-17
2123,Customer_2123,Male,44,Jaipur,East,2022-01-09
2124,Customer_2124,Male,44,Jaipur,South,2021-10-04
2125,Customer_2125,Female,32,Mumbai,East,2021-05-10
2126,Customer_2126,Female,25,Mumbai,West,2025-01-06
2127,Customer_2127,Male,24,Pune,South,2023-07-27
2128,Customer_2128,Male,64,Bangalore,South,2021-03-17
2129,Customer_2129,Male,63,Chennai,North,2022-08-24
2130,Customer_2130,Female,57,Ahmedabad,East,2022-02-17
2131,Customer_2131,Male,29,Mumbai,South,2021-03-31
2132,Customer_2132,Male,30,Delhi,West,2022-02-13
2133,Customer_2133,Female,60,Hyderabad,South,2021-03-27
2134,Customer_2134,Male,34,Delhi,South,2022-10-09
2135,Customer_2135,Male,34,Pune,North,2022-09-28
2136,Customer_2136,Male,53,Pune,West,2023-11-22
2137,Customer_2137,Female,38,Mumbai,West,2023-03-27
2138,Customer_2138,Female,25,Pune,East,2024-01-18
2139,Customer_2139,Female,22,Kolkata,West,2023-08-28
2140,Customer_2140,Female,43,Lucknow,South,2022-06-03
2141,Customer_2141,Female,33,Jaipur,West,2021-03-16
2142,Customer_2142,Female,53,Jaipur,West,2024-08-17
2143,Customer_2143,Female,45,Mumbai,South,2022-01-27
2144,Customer_2144,Male,46,Pune,North,2022-08-09
2145,Customer_2145,Male,64,Hyderabad,East,2023-01-02
2146,Customer_2146,Female,29,Kolkata,East,2021-04-08
2147,Customer_2147,Male,54,Chennai,North,2024-09-04
2148,Customer_2148,Male,47,Pune,South,2022-11-11
2149,Customer_2149,Female,40,Kolkata,East,2022-07-14
2150,Customer_2150,Male,33,Bangalore,North,2021-09-12
2151,Customer_2151,Male,31,Chennai,North,2023-01-24
2152,Customer_2152,Male,27,Jaipur,North,2023-06-14
2153,Customer_2153,Male,24,Bangalore,East,2023-03-31
2154,Customer_2154,Male,62,Mumbai,East,2023-06-20
2155,Customer_2155,Female,54,Ahmedabad,East,2023-03-03
2156,Customer_2156,Female,46,Mumbai,East,2022-11-26
2157,Customer_2157,Female,20,Hyderabad,West,2022-01-18
2158,Customer_2158,Male,32,Kolkata,North,2023-10-14
2159,Customer_2159,Female,53,Ahmedabad,West,2024-11-18
2160,Customer_2160,Male,64,Chennai,North,2023-10-16
2161,Customer_2161,Male,63,Chennai,East,2023-01-23
2162,Customer_2162,Male,36,Bangalore,East,2023-11-30
2163,Customer_2163,Male,30,Hyderabad,West,2022-07-01
2164,Customer_2164,Female,59,Jaipur,South,2021-06-19
2165,Customer_2165,Female,38,Pune,East,2025-01-29
2166,Customer_2166,Male,54,Pune,South,2023-05-20
2167,Customer_2167,Female,44,Ahmedabad,North,2021-06-11
2168,Customer_2168,Male,46,Hyderabad,West,2023-06-01
2169,Customer_2169,Female,37,Hyderabad,South,2024-05-18
2170,Customer_2170,Female,42,Chennai,South,2022-01-05
2171,Customer_2171,Male,23,Jaipur,East,2024-01-23
2172,Customer_2172,Female,53,Kolkata,South,2022-08-25
2173,Customer_2173,Male,19,Jaipur,South,2022-10-20
2174,Customer_2174,Female,39,Delhi,North,2021-07-30
2175,Customer_2175,Male,49,Hyderabad,West,2021-06-13
2176,Customer_2176,Male,33,Mumbai,East,2022-11-03
2177,Customer_2177,Female,35,Lucknow,East,2024-09-15
2178,Customer_2178,Female,22,Hyderabad,South,2022-08-29
2179,Customer_2179,Male,53,Ahmedabad,North,2022-09-20
2180,Customer_2180,Female,47,Mumbai,South,2023-07-03
2181,Customer_2181,Female,62,Ahmedabad,South,2024-05-19
2182,Customer_2182,Male,36,Bangalore,East,2025-01-09
2183,Customer_2183,Male,40,Lucknow,South,2023-05-23
2184,Customer_2184,Female,51,Lucknow,South,2021-12-08
2185,Customer_2185,Male,30,Chennai,North,2024-11-13
2186,Customer_2186,Male,60,Hyderabad,East,2023-06-29
2187,Customer_2187,Male,46,Chennai,West,2022-12-21
2188,Customer_2188,Female,53,Pune,North,2023-07-05
2189,Customer_2189,Female,39,Ahmedabad,North,2021-03-28
2190,Customer_2190,Male,64,Delhi,North,2025-01-28
2191,Customer_2191,Female,53,Delhi,East,2022-12-24
2192,Customer_2192,Male,26,Pune,South,2024-06-13
2193,Customer_2193,Female,56,Bangalore,West,2023-06-10
2194,Customer_2194,Male,36,Delhi,East,2022-07-17
2195,Customer_2195,Male,55,Ahmedabad,South,2024-08-02
2196,Customer_2196,Female,23,Delhi,North,2021-04-28
2197,Customer_2197,Male,64,Pune,East,2021-06-03
2198,Customer_2198,Female,32,Mumbai,South,2024-10-06
2199,Customer_2199,Female,37,Chennai,West,2024-07-29
2200,Customer_2200,Male,26,Kolkata,West,2023-04-12
2201,Customer_2201,Male,49,Ahmedabad,South,2023-01-15
2202,Customer_2202,Female,21,Chennai,East,2023-11-17
2203,Customer_2203,Male,35,Lucknow,North,2024-10-23
2204,Customer_2204,Male,22,Jaipur,South,2021-11-24
2205,Customer_2205,Male,37,Delhi,North,2021-03-05
2206,Customer_2206,Male,40,Delhi,West,2021-10-20
2207,Customer_2207,Male,28,Bangalore,South,2024-05-29
2208,Customer_2208,Female,54,Chennai,West,2024-10-20
2209,Customer_2209,Female,39,Jaipur,North,2023-06-17
2210,Customer_2210,Male,21,Delhi,North,2021-03-13
2211,Customer_2211,Male,46,Lucknow,South,2021-09-16
2212,Customer_2212,Male,61,Bangalore,South,2021-05-18
2213,Customer_2213,Female,51,Chennai,South,2022-04-29
2214,Customer_2214,Male,30,Bangalore,West,2024-08-14
2215,Customer_2215,Female,59,Chennai,North,2023-01-21
2216,Customer_2216,Female,26,Hyderabad,North,2023-01-12
2217,Customer_2217,Female,59,Hyderabad,West,2023-02-24
2218,Customer_2218,Male,48,Pune,South,2024-03-07
2219,Customer_2219,Female,24,Ahmedabad,East,2021-03-08
2220,Customer_2220,Male,21,Bangalore,South,2024-05-24
2221,Customer_2221,Female,36,Pune,East,2021-11-11
2222,Customer_2222,Male,59,Bangalore,East,2024-10-22
2223,Customer_2223,Female,47,Delhi,West,2023-07-11
2224,Customer_2224,Male,48,Kolkata,North,2023-01-30
2225,Customer_2225,Female,52,Bangalore,North,2023-02-01
2226,Customer_2226,Male,38,Delhi,North,2023-06-29
2227,Customer_2227,Male,48,Jaipur,North,2021-06-07
2228,Customer_2228,Male,36,Hyderabad,West,2024-03-21
2229,Customer_2229,Male,48,Pune,East,2021-10-09
2230,Customer_2230,Female,49,Kolkata,North,2023-12-21
2231,Customer_2231,Female,19,Lucknow,East,2023-01-22
2232,Customer_2232,Male,27,Hyderabad,West,2023-03-27
2233,Customer_2233,Female,19,Pune,South,2022-10-06
2234,Customer_2234,Male,19,Kolkata,West,2024-08-23
2235,Customer_2235,Male,41,Lucknow,North,2022-07-25
2236,Customer_2236,Female,34,Mumbai,South,2022-05-27
2237,Customer_2237,Male,49,Delhi,West,2021-08-21
2238,Customer_2238,Male,33,Mumbai,West,2021-02-23
2239,Customer_2239,Female,33,Delhi,East,2022-01-17
2240,Customer_2240,Male,63,Chennai,West,2023-10-20
2241,Customer_2241,Male,56,Ahmedabad,South,2023-11-27
2242,Customer_2242,Male,48,Kolkata,West,2023-03-04
2243,Customer_2243,Male,60,Mumbai,North,2024-02-25
2244,Customer_2244,Female,41,Ahmedabad,East,2021-08-30
2245,Customer_2245,Female,18,Kolkata,South,2022-06-21
2246,Customer_2246,Female,28,Pune,South,2022-06-18
2247,Customer_2247,Male,38,Chennai,West,2024-12-12
2248,Customer_2248,Male,21,Pune,North,2023-07-03
2249,Customer_2249,Female,24,Delhi,East,2022-03-16
2250,Customer_2250,Male,43,Ahmedabad,South,2024-06-07
2251,Customer_2251,Male,64,Kolkata,East,2022-08-08
2252,Customer_2252,Male,29,Bangalore,West,2024-11-22
2253,Customer_2253,Male,48,Ahmedabad,North,2023-10-03
2254,Customer_2254,Female,34,Jaipur,West,2022-02-14
2255,Customer_2255,Female,50,Lucknow,East,2021-09-09
2256,Customer_2256,Female,28,Mumbai,West,2021-10-05
2257,Customer_2257,Male,45,Kolkata,East,2021-06-01
2258,Customer_2258,Female,49,Hyderabad,South,2023-07-15
2259,Customer_2259,Female,18,Hyderabad,South,2021-12-20
2260,Customer_2260,Male,64,Lucknow,West,2024-12-31
2261,Customer_2261,Male,45,Delhi,South,2023-07-01
2262,Customer_2262,Female,59,Ahmedabad,East,2021-06-29
2263,Customer_2263,Female,24,Ahmedabad,South,2024-10-28
2264,Customer_2264,Female,19,Hyderabad,North,2022-10-17
2265,Customer_2265,Female,59,Ahmedabad,North,2024-09-29
2266,Customer_2266,Male,41,Lucknow,West,2022-12-13
2267,Customer_2267,Female,21,Ahmedabad,West,2024-12-24
2268,Customer_2268,Female,61,Delhi,West,2021-05-13
2269,Customer_2269,Male,36,Mumbai,West,2024-02-01
2270,Customer_2270,Female,43,Jaipur,East,2024-01-16
2271,Customer_2271,Male,28,Mumbai,East,2022-08-18
2272,Customer_2272,Male,57,Jaipur,North,2022-09-07
2273,Customer_2273,Male,60,Bangalore,East,2021-11-19
2274,Customer_2274,Female,28,Mumbai,South,2024-12-28
2275,Customer_2275,Female,62,Lucknow,North,2024-12-24
2276,Customer_2276,Male,20,Chennai,West,2024-12-05
2277,Customer_2277,Female,29,Bangalore,West,2024-07-30
2278,Customer_2278,Female,20,Jaipur,East,2021-12-23
2279,Customer_2279,Male,59,Jaipur,North,2023-01-11
2280,Customer_2280,Male,44,Bangalore,East,2023-11-08
2281,Customer_2281,Female,19,Jaipur,East,2022-04-05
2282,Customer_2282,Male,33,Kolkata,East,2021-09-06
2283,Customer_2283,Female,19,Chennai,North,2022-02-16
2284,Customer_2284,Female,47,Lucknow,West,2021-10-12
2285,Customer_2285,Female,37,Kolkata,South,2022-04-30
2286,Customer_2286,Female,55,Jaipur,West,2023-10-09
2287,Customer_2287,Male,45,Mumbai,North,2021-02-23
2288,Customer_2288,Male,42,Kolkata,West,2023-01-10
2289,Customer_2289,Male,49,Mumbai,West,2024-02-09
2290,Customer_2290,Male,27,Bangalore,South,2024-03-18
2291,Customer_2291,Female,59,Ahmedabad,West,2023-01-26
2292,Customer_2292,Female,57,Pune,West,2023-08-16
2293,Customer_2293,Male,50,Jaipur,West,2024-02-04
2294,Customer_2294,Female,30,Pune,East,2021-09-23
2295,Customer_2295,Female,58,Chennai,North,2024-06-07
2296,Customer_2296,Female,59,Mumbai,North,2021-06-26
2297,Customer_2297,Male,64,Kolkata,South,2021-05-15
2298,Customer_2298,Male,54,Pune,East,2022-09-26
2299,Customer_2299,Male,33,Delhi,East,2023-03-27
2300,Customer_2300,Female,62,Jaipur,West,2025-01-08
2301,Customer_2301,Male,39,Pune,North,2025-01-12
2302,Customer_2302,Male,37,Kolkata,South,2023-09-08
2303,Customer_2303,Male,60,Kolkata,East,2023-12-13
2304,Customer_2304,Male,44,Chennai,West,2023-04-22
2305,Customer_2305,Male,58,Hyderabad,South,2023-04-19
2306,Customer_2306,Male,33,Lucknow,East,2024-03-23
2307,Customer_2307,Female,51,Delhi,South,2021-06-01
2308,Customer_2308,Female,49,Pune,East,2021-09-14
2309,Customer_2309,Male,43,Lucknow,South,2022-10-12
2310,Customer_2310,Male,42,Delhi,East,2024-08-08
2311,Customer_2311,Female,19,Hyderabad,East,2021-06-01
2312,Customer_2312,Female,29,Pune,South,2023-07-11
2313,Customer_2313,Male,57,Delhi,East,2023-08-13
2314,Customer_2314,Male,26,Lucknow,East,2024-10-24
2315,Customer_2315,Male,29,Mumbai,East,2023-11-26
2316,Customer_2316,Male,43,Kolkata,South,2022-12-07
2317,Customer_2317,Female,26,Ahmedabad,South,2021-09-20
2318,Customer_2318,Male,27,Bangalore,East,2024-02-04
2319,Customer_2319,Male,49,Jaipur,East,2024-08-03
2320,Customer_2320,Male,51,Ahmedabad,South,2024-04-18
2321,Customer_2321,Male,37,Pune,West,2022-01-08
2322,Customer_2322,Female,56,Pune,East,2021-09-22
2323,Customer_2323,Female,19,Delhi,West,2023-06-06
2324,Customer_2324,Female,18,Kolkata,South,2023-10-27
2325,Customer_2325,Male,53,Hyderabad,East,2021-04-24
2326,Customer_2326,Male,41,Chennai,West,2021-09-12
2327,Customer_2327,Female,44,Delhi,South,2023-11-28
2328,Customer_2328,Male,19,Chennai,West,2021-11-10
2329,Customer_2329,Male,48,Bangalore,North,2022-09-15
2330,Customer_2330,Female,31,Lucknow,South,2021-12-04
2331,Customer_2331,Female,19,Delhi,North,2021-11-28
2332,Customer_2332,Female,46,Bangalore,South,2022-10-23
2333,Customer_2333,Female,32,Jaipur,South,2024-12-23
2334,Customer_2334,Male,29,Delhi,East,2022-04-07
2335,Customer_2335,Male,54,Kolkata,North,2022-12-10
2336,Customer_2336,Female,45,Kolkata,North,2023-11-29
2337,Customer_2337,Male,37,Pune,North,2022-08-05
2338,Customer_2338,Female,56,Jaipur,South,2021-06-11
2339,Customer_2339,Female,41,Pune,North,2022-05-29
2340,Customer_2340,Male,38,Chennai,North,2022-02-07
2341,Customer_2341,Female,27,Ahmedabad,East,2024-07-24
2342,Customer_2342,Male,63,Hyderabad,West,2024-02-03
2343,Customer_2343,Male,31,Jaipur,West,2022-07-17
2344,Customer_2344,Male,54,Lucknow,North,2021-09-14
2345,Customer_2345,Male,35,Hyderabad,North,2024-07-04
2346,Customer_2346,Female,41,Hyderabad,North,2022-09-13
2347,Customer_2347,Male,31,Mumbai,North,2024-06-12
2348,Customer_2348,Female,51,Delhi,West,2023-12-29
2349,Customer_2349,Female,29,Lucknow,East,2021-07-11
2350,Customer_2350,Female,39,Jaipur,South,2023-10-27
2351,Customer_2351,Female,23,Pune,North,2024-08-05
2352,Customer_2352,Male,53,Chennai,North,2021-12-12
2353,Customer_2353,Male,62,Delhi,West,2024-04-27
2354,Customer_2354,Female,53,Mumbai,North,2024-04-04
2355,Customer_2355,Female,39,Chennai,East,2021-11-12
2356,Customer_2356,Male,31,Jaipur,East,2021-12-17
2357,Customer_2357,Female,33,Ahmedabad,North,2024-09-11
2358,Customer_2358,Male,53,Hyderabad,West,2024-07-02
2359,Customer_2359,Female,42,Mumbai,North,2025-01-15
2360,Customer_2360,Male,49,Chennai,North,2024-05-24
2361,Customer_2361,Female,50,Pune,West,2022-11-23
2362,Customer_2362,Female,62,Mumbai,East,2024-02-29
2363,Customer_2363,Male,53,Chennai,South,2021-03-26
2364,Customer_2364,Female,37,Mumbai,North,2021-02-28
2365,Customer_2365,Female,35,Pune,East,2021-06-16
2366,Customer_2366,Male,55,Pune,North,2021-04-04
2367,Customer_2367,Female,20,Lucknow,South,2024-08-06
2368,Customer_2368,Male,40,Kolkata,West,2024-03-27
2369,Customer_2369,Male,49,Hyderabad,East,2022-06-27
2370,Customer_2370,Female,62,Delhi,South,2024-08-26
2371,Customer_2371,Female,33,Delhi,North,2022-03-08
2372,Customer_2372,Female,22,Jaipur,South,2024-03-17
2373,Customer_2373,Female,21,Bangalore,East,2023-05-04
2374,Customer_2374,Female,38,Jaipur,West,2024-06-19
2375,Customer_2375,Female,57,Bangalore,North,2024-08-01
2376,Customer_2376,Female,31,Mumbai,West,2021-03-04
2377,Customer_2377,Male,56,Bangalore,West,2023-10-17
2378,Customer_2378,Female,48,Kolkata,South,2024-07-08
2379,Customer_2379,Male,31,Kolkata,South,2024-01-23
2380,Customer_2380,Female,23,Hyderabad,East,2022-08-17
2381,Customer_2381,Female,29,Chennai,East,2024-08-07
2382,Customer_2382,Male,33,Delhi,West,2022-09-11
2383,Customer_2383,Female,34,Hyderabad,East,2023-09-17
2384,Customer_2384,Female,62,Kolkata,West,2022-05-17
2385,Customer_2385,Male,40,Chennai,North,2024-11-03
2386,Customer_2386,Female,31,Jaipur,West,2023-04-12
2387,Customer_2387,Female,24,Delhi,East,2022-09-02
2388,Customer_2388,Female,63,Lucknow,East,2023-07-18
2389,Customer_2389,Male,49,Delhi,West,2021-05-30
2390,Customer_2390,Female,32,Mumbai,South,2024-11-11
2391,Customer_2391,Female,61,Ahmedabad,West,2021-05-03
2392,Customer_2392,Female,34,Delhi,West,2021-11-20
2393,Customer_2393,Female,58,Kolkata,South,2023-06-20
2394,Customer_2394,Male,64,Mumbai,North,2023-05-02
2395,Customer_2395,Male,61,Pune,South,2023-09-19
2396,Customer_2396,Female,51,Bangalore,East,2023-08-10
2397,Customer_2397,Female,22,Jaipur,South,2022-02-22
2398,Customer_2398,Male,62,Lucknow,East,2022-11-28
2399,Customer_2399,Male,44,Jaipur,East,2024-05-27
2400,Customer_2400,Female,40,Pune,West,2021-10-22
2401,Customer_2401,Male,57,Ahmedabad,West,2022-10-03
2402,Customer_2402,Female,31,Delhi,North,2025-01-11
2403,Customer_2403,Male,32,Hyderabad,East,2022-10-16
2404,Customer_2404,Male,60,Mumbai,West,2022-12-09
2405,Customer_2405,Male,50,Lucknow,East,2023-03-28
2406,Customer_2406,Male,48,Pune,North,2021-09-25
2407,Customer_2407,Female,52,Ahmedabad,East,2023-01-29
2408,Customer_2408,Male,34,Jaipur,North,2023-11-21
2409,Customer_2409,Male,45,Pune,North,2024-02-25
2410,Customer_2410,Female,36,Lucknow,North,2021-08-06
2411,Customer_2411,Male,63,Lucknow,West,2022-10-16
2412,Customer_2412,Male,40,Ahmedabad,South,2022-05-11
2413,Customer_2413,Female,49,Jaipur,South,2023-08-14
2414,Customer_2414,Male,57,Kolkata,West,2021-09-08
2415,Customer_2415,Female,30,Lucknow,East,2022-07-02
2416,Customer_2416,Female,37,Mumbai,West,2023-07-10
2417,Customer_2417,Female,52,Mumbai,East,2022-05-23
2418,Customer_2418,Female,22,Bangalore,North,2021-10-16
2419,Customer_2419,Male,26,Jaipur,West,2021-07-18
2420,Customer_2420,Female,46,Pune,South,2021-04-14
2421,Customer_2421,Male,23,Mumbai,East,2022-08-18
2422,Customer_2422,Male,42,Ahmedabad,West,2023-02-26
2423,Customer_2423,Male,48,Pune,West,2024-06-14
2424,Customer_2424,Male,39,Jaipur,East,2023-05-07
2425,Customer_2425,Male,19,Ahmedabad,North,2022-05-24
2426,Customer_2426,Male,62,Delhi,North,2021-11-24
2427,Customer_2427,Male,22,Chennai,North,2022-11-02
2428,Customer_2428,Male,44,Mumbai,North,2024-03-29
2429,Customer_2429,Male,42,Mumbai,East,2025-01-16
2430,Customer_2430,Male,25,Bangalore,South,2022-10-03
2431,Customer_2431,Female,18,Kolkata,West,2022-01-24
2432,Customer_2432,Female,37,Bangalore,West,2021-11-23
2433,Customer_2433,Female,61,Jaipur,North,2023-10-18
2434,Customer_2434,Male,40,Bangalore,East,2023-11-21
2435,Customer_2435,Female,49,Kolkata,South,2023-08-15
2436,Customer_2436,Female,28,Kolkata,South,2023-10-19
2437,Customer_2437,Female,56,Lucknow,West,2022-09-24
2438,Customer_2438,Male,64,Lucknow,North,2023-10-16
2439,Customer_2439,Male,41,Chennai,West,2021-02-17
2440,Customer_2440,Male,28,Ahmedabad,West,2021-07-04
2441,Customer_2441,Male,46,Delhi,South,2023-03-17
2442,Customer_2442,Female,43,Kolkata,East,2023-11-02
2443,Customer_2443,Female,33,Delhi,South,2023-07-26
2444,Customer_2444,Female,52,Mumbai,West,2022-05-09
2445,Customer_2445,Female,37,Hyderabad,North,2022-03-17
2446,Customer_2446,Male,63,Chennai,North,2024-04-09
2447,Customer_2447,Male,20,Jaipur,East,2022-12-24
2448,Customer_2448,Male,18,Pune,East,2021-04-10
2449,Customer_2449,Female,64,Delhi,East,2021-04-14
2450,Customer_2450,Male,18,Bangalore,West,2022-07-31
2451,Customer_2451,Male,34,Kolkata,West,2023-10-11
2452,Customer_2452,Female,19,Delhi,East,2024-05-08
2453,Customer_2453,Female,46,Pune,North,2024-09-01
2454,Customer_2454,Male,37,Kolkata,North,2024-10-09
2455,Customer_2455,Male,23,Jaipur,North,2023-08-22
2456,Customer_2456,Male,25,Hyderabad,West,2022-08-09
2457,Customer_2457,Male,46,Bangalore,South,2024-01-05
2458,Customer_2458,Male,50,Delhi,North,2021-01-17
2459,Customer_2459,Male,20,Lucknow,North,2021-08-09
2460,Customer_2460,Female,52,Chennai,North,2023-06-02
2461,Customer_2461,Female,22,Delhi,East,2021-10-02
2462,Customer_2462,Female,44,Delhi,West,2022-06-26
2463,Customer_2463,Male,61,Pune,East,2025-01-29
2464,Customer_2464,Female,29,Pune,East,2023-01-20
2465,Customer_2465,Male,37,Chennai,South,2023-04-06
2466,Customer_2466,Male,62,Delhi,East,2023-01-20
2467,Customer_2467,Female,37,Ahmedabad,South,2021-04-03
2468,Customer_2468,Male,26,Jaipur,East,2023-04-01
2469,Customer_2469,Male,56,Pune,North,2021-04-15
2470,Customer_2470,Female,21,Pune,West,2024-03-13
2471,Customer_2471,Female,36,Ahmedabad,East,2024-02-25
2472,Customer_2472,Female,55,Kolkata,South,2022-02-03
2473,Customer_2473,Male,44,Delhi,West,2023-01-13
2474,Customer_2474,Female,62,Chennai,South,2024-02-08
2475,Customer_2475,Female,60,Pune,North,2022-08-15
2476,Customer_2476,Male,30,Chennai,East,2021-05-31
2477,Customer_2477,Female,30,Chennai,West,2023-03-03
2478,Customer_2478,Female,39,Jaipur,North,2023-10-30
2479,Customer_2479,Female,45,Lucknow,East,2023-07-12
2480,Customer_2480,Male,64,Pune,East,2024-02-01
2481,Customer_2481,Male,62,Bangalore,South,2022-07-27
2482,Customer_2482,Male,39,Kolkata,South,2024-06-30
2483,Customer_2483,Male,60,Chennai,North,2024-10-25
2484,Customer_2484,Female,36,Pune,South,2024-06-05
2485,Customer_2485,Male,25,Kolkata,North,2021-09-01
2486,Customer_2486,Male,25,Bangalore,North,2021-09-21
2487,Customer_2487,Female,59,Pune,North,2021-07-18
2488,Customer_2488,Female,43,Delhi,South,2023-03-18
2489,Customer_2489,Female,43,Chennai,West,2023-02-04
2490,Customer_2490,Male,40,Bangalore,North,2022-11-26
2491,Customer_2491,Male,60,Delhi,West,2024-02-17
2492,Customer_2492,Male,30,Chennai,East,2023-01-19
2493,Customer_2493,Female,45,Mumbai,South,2021-10-23
2494,Customer_2494,Female,26,Hyderabad,South,2022-02-12
2495,Customer_2495,Male,37,Ahmedabad,West,2024-05-18
2496,Customer_2496,Female,36,Chennai,East,2023-11-09
2497,Customer_2497,Female,56,Bangalore,East,2023-04-03
2498,Customer_2498,Female,29,Bangalore,North,2023-10-22
2499,Customer_2499,Male,32,Hyderabad,South,2021-03-24
2500,Customer_2500,Female,48,Pune,East,2021-04-03
2501,Customer_2501,Female,31,Ahmedabad,East,2021-03-21
2502,Customer_2502,Male,28,Kolkata,North,2021-10-08
2503,Customer_2503,Male,43,Chennai,North,2025-01-01
2504,Customer_2504,Female,59,Pune,West,2022-11-14
2505,Customer_2505,Female,44,Delhi,South,2023-08-29
2506,Customer_2506,Male,28,Kolkata,East,2023-11-30
2507,Customer_2507,Male,55,Ahmedabad,West,2023-07-25
2508,Customer_2508,Female,51,Pune,South,2021-11-02
2509,Customer_2509,Female,60,Lucknow,West,2024-05-26
2510,Customer_2510,Female,36,Kolkata,South,2023-11-22
2511,Customer_2511,Female,23,Jaipur,South,2021-10-14
2512,Customer_2512,Male,63,Jaipur,East,2022-11-03
2513,Customer_2513,Female,55,Chennai,South,2024-06-09
2514,Customer_2514,Female,59,Chennai,North,2022-10-15
2515,Customer_2515,Male,45,Chennai,East,2021-11-29
2516,Customer_2516,Female,18,Ahmedabad,North,2023-03-16
2517,Customer_2517,Male,52,Lucknow,West,2024-06-16
2518,Customer_2518,Female,57,Pune,West,2022-09-05
2519,Customer_2519,Female,25,Delhi,South,2024-04-30
2520,Customer_2520,Male,64,Mumbai,South,2022-11-20
2521,Customer_2521,Male,24,Bangalore,North,2023-11-05
2522,Customer_2522,Female,28,Delhi,North,2023-11-10
2523,Customer_2523,Female,56,Pune,North,2023-12-27
2524,Customer_2524,Female,21,Lucknow,West,2023-10-01
2525,Customer_2525,Male,42,Ahmedabad,North,2024-12-22
2526,Customer_2526,Female,29,Kolkata,East,2024-02-27
2527,Customer_2527,Male,43,Delhi,East,2022-09-06
2528,Customer_2528,Male,55,Kolkata,West,2023-08-31
2529,Customer_2529,Female,63,Mumbai,North,2021-02-04
2530,Customer_2530,Male,29,Pune,North,2023-01-25
2531,Customer_2531,Female,60,Lucknow,South,2022-11-10
2532,Customer_2532,Female,54,Pune,East,2024-10-11
2533,Customer_2533,Female,63,Bangalore,West,2021-08-13
2534,Customer_2534,Female,41,Ahmedabad,North,2023-05-04
2535,Customer_2535,Female,33,Bangalore,South,2024-04-10
2536,Customer_2536,Male,30,Pune,West,2022-09-23
2537,Customer_2537,Male,42,Bangalore,West,2025-01-25
2538,Customer_2538,Female,21,Hyderabad,East,2024-11-10
2539,Customer_2539,Female,28,Pune,North,2024-07-12
2540,Customer_2540,Male,49,Lucknow,West,2021-02-24
2541,Customer_2541,Male,24,Delhi,South,2024-05-07
2542,Customer_2542,Male,63,Lucknow,South,2023-08-30
2543,Customer_2543,Male,28,Hyderabad,West,2022-06-28
2544,Customer_2544,Female,45,Delhi,South,2024-09-04
2545,Customer_2545,Female,58,Hyderabad,West,2024-03-30
2546,Customer_2546,Male,40,Delhi,South,2024-03-28
2547,Customer_2547,Female,62,Lucknow,West,2022-04-12
2548,Customer_2548,Male,40,Pune,West,2025-01-17
2549,Customer_2549,Female,45,Chennai,West,2021-04-16
2550,Customer_2550,Male,60,Jaipur,South,2024-04-10
2551,Customer_2551,Female,64,Jaipur,West,2023-09-11
2552,Customer_2552,Male,43,Hyderabad,East,2021-12-16
2553,Customer_2553,Male,42,Jaipur,West,2023-12-10
2554,Customer_2554,Female,46,Lucknow,North,2024-07-12
2555,Customer_2555,Male,36,Kolkata,North,2025-01-16
2556,Customer_2556,Female,50,Hyderabad,East,2024-06-23
2557,Customer_2557,Female,53,Delhi,West,2023-02-18
2558,Customer_2558,Male,31,Ahmedabad,North,2021-10-30
2559,Customer_2559,Female,31,Bangalore,West,2024-10-26
2560,Customer_2560,Female,52,Lucknow,North,2022-05-12
2561,Customer_2561,Female,47,Delhi,South,2021-03-06
2562,Customer_2562,Female,45,Kolkata,South,2024-03-18
2563,Customer_2563,Female,34,Ahmedabad,East,2024-12-05
2564,Customer_2564,Male,20,Jaipur,East,2021-08-14
2565,Customer_2565,Female,33,Kolkata,West,2022-01-26
2566,Customer_2566,Female,63,Hyderabad,East,2021-02-08
2567,Customer_2567,Female,47,Mumbai,West,2023-06-23
2568,Customer_2568,Female,46,Mumbai,South,2022-10-05
2569,Customer_2569,Female,62,Jaipur,South,2023-05-08
2570,Customer_2570,Male,32,Mumbai,North,2021-11-07
2571,Customer_2571,Female,63,Mumbai,West,2023-04-26
2572,Customer_2572,Male,42,Delhi,South,2024-11-15
2573,Customer_2573,Male,55,Delhi,South,2022-02-22
2574,Customer_2574,Male,59,Bangalore,West,2023-04-21
2575,Customer_2575,Male,64,Pune,North,2023-10-25
2576,Customer_2576,Female,55,Jaipur,North,2024-06-06
2577,Customer_2577,Male,40,Mumbai,North,2023-08-24
2578,Customer_2578,Male,42,Bangalore,North,2025-01-29
2579,Customer_2579,Female,59,Jaipur,South,2021-05-08
2580,Customer_2580,Female,24,Mumbai,West,2024-12-16
2581,Customer_2581,Female,39,Lucknow,West,2021-10-10
2582,Customer_2582,Male,34,Chennai,South,2023-11-29
2583,Customer_2583,Female,35,Lucknow,South,2022-03-01
2584,Customer_2584,Female,58,Ahmedabad,South,2024-02-23
2585,Customer_2585,Male,27,Jaipur,East,2022-10-28
2586,Customer_2586,Female,27,Pune,West,2024-09-18
2587,Customer_2587,Female,24,Ahmedabad,West,2023-09-07
2588,Customer_2588,Female,55,Bangalore,West,2023-12-13
2589,Customer_2589,Female,44,Bangalore,North,2023-02-11
2590,Customer_2590,Male,50,Mumbai,South,2022-10-05
2591,Customer_2591,Female,18,Ahmedabad,South,2021-12-21
2592,Customer_2592,Female,61,Mumbai,South,2023-07-31
2593,Customer_2593,Male,51,Jaipur,East,2023-12-28
2594,Customer_2594,Female,21,Bangalore,West,2022-12-03
2595,Customer_2595,Male,34,Chennai,South,2024-01-24
2596,Customer_2596,Female,21,Bangalore,East,2022-12-27
2597,Customer_2597,Male,60,Delhi,South,2024-10-16
2598,Customer_2598,Male,43,Kolkata,North,2025-01-16
2599,Customer_2599,Male,21,Pune,West,2024-10-26
2600,Customer_2600,Male,18,Ahmedabad,East,2024-08-10
2601,Customer_2601,Female,24,Mumbai,South,2024-11-20
2602,Customer_2602,Male,47,Kolkata,West,2022-06-26
2603,Customer_2603,Female,26,Kolkata,East,2024-06-03
2604,Customer_2604,Male,52,Lucknow,West,2023-09-19
2605,Customer_2605,Male,25,Hyderabad,West,2022-01-29
2606,Customer_2606,Male,41,Lucknow,North,2022-05-20
2607,Customer_2607,Female,36,Lucknow,West,2022-07-26
2608,Customer_2608,Male,53,Pune,East,2024-02-17
2609,Customer_2609,Female,60,Delhi,West,2022-09-04
2610,Customer_2610,Female,44,Bangalore,East,2022-04-06
2611,Customer_2611,Female,49,Lucknow,West,2022-09-02
2612,Customer_2612,Female,31,Jaipur,South,2022-08-15
2613,Customer_2613,Female,35,Bangalore,North,2024-12-14
2614,Customer_2614,Female,45,Delhi,South,2022-03-01
2615,Customer_2615,Female,46,Mumbai,North,2024-11-14
2616,Customer_2616,Female,33,Hyderabad,East,2024-12-14
2617,Customer_2617,Female,52,Bangalore,North,2023-09-29
2618,Customer_2618,Male,64,Ahmedabad,West,2022-10-12
2619,Customer_2619,Male,48,Pune,West,2023-09-10
2620,Customer_2620,Male,21,Kolkata,South,2022-12-16
2621,Customer_2621,Male,54,Mumbai,North,2024-02-22
2622,Customer_2622,Male,34,Delhi,East,2025-01-17
2623,Customer_2623,Female,56,Lucknow,East,2022-07-15
2624,Customer_2624,Female,63,Jaipur,West,2022-08-13
2625,Customer_2625,Female,43,Jaipur,East,2021-09-07
2626,Customer_2626,Female,56,Hyderabad,West,2024-03-20
2627,Customer_2627,Female,58,Delhi,West,2024-10-17
2628,Customer_2628,Female,21,Mumbai,West,2024-01-18
2629,Customer_2629,Female,47,Ahmedabad,South,2023-02-17
2630,Customer_2630,Male,47,Kolkata,South,2023-03-20
2631,Customer_2631,Male,39,Lucknow,West,2022-12-08
2632,Customer_2632,Male,28,Pune,West,2021-10-27
2633,Customer_2633,Male,19,Chennai,West,2022-08-18
2634,Customer_2634,Female,61,Chennai,East,2021-03-28
2635,Customer_2635,Female,29,Lucknow,West,2022-08-13
2636,Customer_2636,Female,47,Mumbai,West,2025-01-02
2637,Customer_2637,Male,53,Lucknow,North,2021-06-11
2638,Customer_2638,Female,35,Delhi,North,2022-12-11
2639,Customer_2639,Female,43,Chennai,North,2023-06-25
2640,Customer_2640,Female,24,Hyderabad,North,2024-09-05
2641,Customer_2641,Male,18,Delhi,West,2022-06-10
2642,Customer_2642,Female,43,Chennai,North,2023-09-09
2643,Customer_2643,Male,40,Ahmedabad,East,2022-03-15
2644,Customer_2644,Male,43,Kolkata,East,2022-02-18
2645,Customer_2645,Male,62,Jaipur,North,2024-01-09
2646,Customer_2646,Male,23,Delhi,South,2022-07-10
2647,Customer_2647,Female,23,Jaipur,East,2024-02-26
2648,Customer_2648,Male,61,Jaipur,East,2024-11-26
2649,Customer_2649,Male,25,Chennai,North,2022-07-11
2650,Customer_2650,Female,41,Delhi,North,2021-10-09
2651,Customer_2651,Female,39,Kolkata,West,2021-08-12
2652,Customer_2652,Male,36,Ahmedabad,East,2024-06-14
2653,Customer_2653,Female,54,Bangalore,North,2024-04-16
2654,Customer_2654,Male,35,Hyderabad,North,2022-05-06
2655,Customer_2655,Male,48,Jaipur,West,2022-05-12
2656,Customer_2656,Male,54,Kolkata,East,2021-04-14
2657,Customer_2657,Male,47,Pune,North,2024-10-03
2658,Customer_2658,Female,59,Pune,West,2023-12-24
2659,Customer_2659,Male,50,Bangalore,North,2022-04-08
2660,Customer_2660,Female,27,Bangalore,South,2024-07-30
2661,Customer_2661,Female,54,Bangalore,South,2022-04-22
2662,Customer_2662,Female,29,Hyderabad,North,2021-04-18
2663,Customer_2663,Female,47,Hyderabad,East,2021-07-25
2664,Customer_2664,Male,44,Ahmedabad,South,2023-04-27
2665,Customer_2665,Female,56,Jaipur,West,2022-11-08
2666,Customer_2666,Male,26,Mumbai,North,2025-01-09
2667,Customer_2667,Female,38,Pune,West,2023-08-26
2668,Customer_2668,Female,29,Chennai,South,2021-07-25
2669,Customer_2669,Male,46,Chennai,East,2024-10-27
2670,Customer_2670,Male,50,Bangalore,West,2021-10-09
2671,Customer_2671,Male,60,Lucknow,South,2021-01-11
2672,Customer_2672,Female,32,Pune,South,2024-02-02
2673,Customer_2673,Female,19,Mumbai,South,2021-11-20
2674,Customer_2674,Male,56,Mumbai,West,2023-04-14
2675,Customer_2675,Male,61,Chennai,South,2024-08-30
2676,Customer_2676,Male,35,Lucknow,North,2023-09-02
2677,Customer_2677,Male,20,Mumbai,South,2023-09-05
2678,Customer_2678,Female,24,Pune,North,2024-08-25
2679,Customer_2679,Male,60,Jaipur,East,2022-02-13
2680,Customer_2680,Male,35,Kolkata,North,2022-08-12
2681,Customer_2681,Male,61,Lucknow,East,2022-10-20
2682,Customer_2682,Male,55,Mumbai,East,2022-08-08
2683,Customer_2683,Female,54,Lucknow,North,2024-08-15
2684,Customer_2684,Male,50,Lucknow,East,2021-05-02
2685,Customer_2685,Female,61,Jaipur,North,2021-07-03
2686,Customer_2686,Male,48,Pune,West,2024-08-28
2687,Customer_2687,Male,28,Chennai,East,2024-03-21
2688,Customer_2688,Female,21,Jaipur,North,2022-04-21
2689,Customer_2689,Male,35,Mumbai,East,2024-01-01
2690,Customer_2690,Female,21,Bangalore,South,2025-01-20
2691,Customer_2691,Female,51,Jaipur,North,2021-03-18
2692,Customer_2692,Male,46,Bangalore,South,2021-12-25
2693,Customer_2693,Female,41,Delhi,East,2023-05-06
2694,Customer_2694,Female,39,Chennai,East,2021-12-27
2695,Customer_2695,Female,19,Pune,West,2021-03-16
2696,Customer_2696,Female,61,Kolkata,North,2023-03-25
2697,Customer_2697,Female,23,Lucknow,South,2023-10-12
2698,Customer_2698,Female,59,Bangalore,West,2022-01-17
2699,Customer_2699,Female,42,Kolkata,East,2022-08-16
2700,Customer_2700,Female,38,Kolkata,East,2021-03-18
2701,Customer_2701,Male,33,Bangalore,West,2021-01-19
2702,Customer_2702,Male,48,Kolkata,South,2022-09-04
2703,Customer_2703,Female,31,Lucknow,East,2024-03-09
2704,Customer_2704,Male,56,Ahmedabad,East,2024-05-19
2705,Customer_2705,Female,45,Delhi,North,2021-08-08
2706,Customer_2706,Female,49,Bangalore,West,2022-11-18
2707,Customer_2707,Male,45,Lucknow,East,2022-08-06
2708,Customer_2708,Female,26,Chennai,South,2023-07-20
2709,Customer_2709,Female,62,Bangalore,North,2024-08-06
2710,Customer_2710,Female,39,Lucknow,West,2024-01-18
2711,Customer_2711,Female,49,Lucknow,South,2023-12-10
2712,Customer_2712,Male,22,Jaipur,East,2023-10-09
2713,Customer_2713,Female,40,Ahmedabad,West,2021-10-02
2714,Customer_2714,Female,22,Bangalore,West,2023-10-30
2715,Customer_2715,Female,59,Pune,South,2023-08-17
2716,Customer_2716,Male,49,Lucknow,West,2022-07-13
2717,Customer_2717,Female,27,Delhi,South,2022-01-30
2718,Customer_2718,Male,56,Jaipur,East,2021-08-19
2719,Customer_2719,Male,32,Lucknow,North,2022-11-09
2720,Customer_2720,Female,24,Bangalore,South,2021-11-29
2721,Customer_2721,Female,46,Mumbai,North,2025-02-06
2722,Customer_2722,Male,64,Lucknow,West,2023-07-29
2723,Customer_2723,Female,20,Hyderabad,South,2024-08-20
2724,Customer_2724,Male,36,Mumbai,East,2022-06-11
2725,Customer_2725,Male,27,Lucknow,South,2025-01-11
2726,Customer_2726,Female,45,Kolkata,South,2022-01-17
2727,Customer_2727,Female,46,Lucknow,South,2021-01-29
2728,Customer_2728,Male,32,Chennai,North,2022-11-22
2729,Customer_2729,Male,52,Kolkata,North,2022-08-28
2730,Customer_2730,Male,23,Bangalore,West,2024-03-08
2731,Customer_2731,Male,29,Delhi,West,2024-10-13
2732,Customer_2732,Female,64,Mumbai,West,2022-01-31
2733,Customer_2733,Female,55,Pune,West,2021-12-26
2734,Customer_2734,Female,30,Jaipur,South,2024-06-05
2735,Customer_2735,Female,46,Delhi,North,2024-08-01
2736,Customer_2736,Female,36,Kolkata,North,2023-04-11
2737,Customer_2737,Male,20,Jaipur,North,2023-05-26
2738,Customer_2738,Female,25,Mumbai,North,2023-11-22
2739,Customer_2739,Female,25,Pune,West,2022-11-03
2740,Customer_2740,Female,37,Hyderabad,South,2021-06-27
2741,Customer_2741,Female,64,Hyderabad,North,2023-04-01
2742,Customer_2742,Female,21,Pune,East,2024-10-02
2743,Customer_2743,Male,38,Jaipur,South,2021-07-15
2744,Customer_2744,Male,20,Bangalore,East,2022-01-14
2745,Customer_2745,Male,62,Jaipur,South,2021-10-15
2746,Customer_2746,Female,25,Lucknow,South,2023-09-05
2747,Customer_2747,Male,40,Jaipur,South,2022-10-25
2748,Customer_2748,Male,33,Bangalore,East,2022-05-24
2749,Customer_2749,Female,30,Delhi,North,2021-01-14
2750,Customer_2750,Female,20,Mumbai,North,2022-06-19
2751,Customer_2751,Female,26,Jaipur,East,2023-02-25
2752,Customer_2752,Male,31,Mumbai,North,2022-04-28
2753,Customer_2753,Male,30,Kolkata,West,2023-07-04
2754,Customer_2754,Female,24,Hyderabad,North,2022-07-01
2755,Customer_2755,Female,32,Hyderabad,West,2022-11-07
2756,Customer_2756,Male,24,Bangalore,West,2022-09-11
2757,Customer_2757,Male,55,Kolkata,West,2024-04-07
2758,Customer_2758,Female,51,Hyderabad,East,2025-01-20
2759,Customer_2759,Female,58,Bangalore,North,2024-03-19
2760,Customer_2760,Male,39,Jaipur,North,2021-01-24
2761,Customer_2761,Female,41,Kolkata,East,2022-06-20
2762,Customer_2762,Male,54,Lucknow,East,2024-08-31
2763,Customer_2763,Male,61,Lucknow,North,2023-01-07
2764,Customer_2764,Male,18,Lucknow,East,2024-11-19
2765,Customer_2765,Male,27,Delhi,East,2022-04-29
2766,Customer_2766,Female,60,Lucknow,West,2021-05-08
2767,Customer_2767,Female,33,Kolkata,East,2024-09-29
2768,Customer_2768,Male,63,Chennai,West,2021-08-31
2769,Customer_2769,Male,25,Hyderabad,South,2023-08-12
2770,Customer_2770,Male,42,Lucknow,West,2022-09-21
2771,Customer_2771,Male,29,Kolkata,West,2021-11-24
2772,Customer_2772,Male,42,Ahmedabad,East,2023-04-11
2773,Customer_2773,Female,34,Jaipur,North,2024-11-06
2774,Customer_2774,Female,43,Delhi,South,2023-10-27
2775,Customer_2775,Female,63,Mumbai,South,2024-12-11
2776,Customer_2776,Female,31,Bangalore,South,2022-09-29
2777,Customer_2777,Male,58,Ahmedabad,North,2024-11-14
2778,Customer_2778,Male,53,Ahmedabad,South,2021-08-29
2779,Customer_2779,Male,40,Delhi,South,2024-08-01
2780,Customer_2780,Male,60,Bangalore,North,2022-08-28
2781,Customer_2781,Male,23,Delhi,South,2023-01-23
2782,Customer_2782,Female,64,Lucknow,East,2024-06-12
2783,Customer_2783,Male,22,Mumbai,East,2022-03-29
2784,Customer_2784,Female,60,Bangalore,West,2022-03-25
2785,Customer_2785,Female,42,Kolkata,West,2021-10-01
2786,Customer_2786,Female,35,Hyderabad,West,2023-09-07
2787,Customer_2787,Female,30,Delhi,East,2021-11-10
2788,Customer_2788,Male,60,Mumbai,East,2023-07-21
2789,Customer_2789,Female,31,Jaipur,East,2024-05-25
2790,Customer_2790,Female,45,Chennai,West,2023-02-05
2791,Customer_2791,Female,35,Jaipur,West,2023-05-02
2792,Customer_2792,Male,45,Chennai,West,2024-12-08
2793,Customer_2793,Male,44,Pune,West,2024-01-30
2794,Customer_2794,Male,49,Kolkata,West,2023-08-23
2795,Customer_2795,Female,64,Pune,West,2024-01-06
2796,Customer_2796,Female,26,Delhi,East,2024-09-22
2797,Customer_2797,Male,57,Delhi,North,2022-03-24
2798,Customer_2798,Female,49,Chennai,North,2022-05-22
2799,Customer_2799,Male,37,Bangalore,West,2024-10-25
2800,Customer_2800,Male,45,Mumbai,North,2024-05-05
2801,Customer_2801,Female,50,Lucknow,North,2021-06-17
2802,Customer_2802,Female,21,Ahmedabad,East,2023-12-13
2803,Customer_2803,Female,63,Delhi,West,2023-07-04
2804,Customer_2804,Female,51,Pune,West,2023-12-18
2805,Customer_2805,Male,20,Pune,North,2024-12-12
2806,Customer_2806,Male,43,Jaipur,West,2023-01-11
2807,Customer_2807,Male,25,Kolkata,West,2021-06-09
2808,Customer_2808,Male,23,Chennai,West,2024-03-01
2809,Customer_2809,Male,33,Ahmedabad,West,2021-08-18
2810,Customer_2810,Female,41,Chennai,North,2021-05-07
2811,Customer_2811,Male,56,Delhi,South,2024-01-27
2812,Customer_2812,Male,47,Hyderabad,North,2023-11-02
2813,Customer_2813,Male,62,Ahmedabad,East,2022-02-19
2814,Customer_2814,Female,30,Jaipur,South,2024-03-18
2815,Customer_2815,Female,22,Pune,South,2024-01-05
2816,Customer_2816,Female,42,Jaipur,South,2021-11-03
2817,Customer_2817,Female,37,Delhi,North,2021-12-03
2818,Customer_2818,Male,35,Hyderabad,East,2022-11-03
2819,Customer_2819,Male,64,Lucknow,North,2023-12-02
2820,Customer_2820,Female,35,Ahmedabad,East,2023-06-24
2821,Customer_2821,Female,19,Chennai,North,2021-08-27
2822,Customer_2822,Male,27,Ahmedabad,North,2024-10-25
2823,Customer_2823,Male,62,Pune,North,2022-02-25
2824,Customer_2824,Female,64,Chennai,South,2025-01-08
2825,Customer_2825,Female,29,Lucknow,North,2024-04-09
2826,Customer_2826,Female,64,Lucknow,East,2023-09-29
2827,Customer_2827,Female,30,Kolkata,East,2021-07-06
2828,Customer_2828,Male,64,Chennai,East,2023-11-12
2829,Customer_2829,Male,28,Mumbai,South,2023-07-02
2830,Customer_2830,Male,36,Hyderabad,North,2021-04-24
2831,Customer_2831,Female,52,Mumbai,North,2023-07-18
2832,Customer_2832,Female,56,Lucknow,West,2021-09-28
2833,Customer_2833,Male,43,Chennai,South,2023-11-18
2834,Customer_2834,Male,63,Kolkata,East,2023-05-01
2835,Customer_2835,Male,31,Ahmedabad,East,2023-07-25
2836,Customer_2836,Male,62,Ahmedabad,North,2024-02-29
2837,Customer_2837,Female,61,Ahmedabad,East,2021-04-29
2838,Customer_2838,Male,41,Kolkata,North,2024-02-19
2839,Customer_2839,Male,58,Delhi,North,2023-08-05
2840,Customer_2840,Male,18,Chennai,West,2024-10-09
2841,Customer_2841,Male,60,Mumbai,South,2022-09-24
2842,Customer_2842,Male,39,Hyderabad,North,2025-01-21
2843,Customer_2843,Male,40,Lucknow,North,2021-02-14
2844,Customer_2844,Male,36,Hyderabad,North,2023-03-22
2845,Customer_2845,Female,35,Lucknow,West,2022-06-06
2846,Customer_2846,Female,29,Chennai,North,2021-01-07
2847,Customer_2847,Female,45,Chennai,South,2022-03-23
2848,Customer_2848,Female,45,Jaipur,South,2024-03-30
2849,Customer_2849,Male,50,Mumbai,East,2021-05-30
2850,Customer_2850,Female,36,Pune,South,2021-04-03
2851,Customer_2851,Female,45,Lucknow,East,2023-05-18
2852,Customer_2852,Male,54,Bangalore,South,2022-12-07
2853,Customer_2853,Male,43,Pune,East,2024-12-05
2854,Customer_2854,Female,52,Ahmedabad,North,2021-05-11
2855,Customer_2855,Female,51,Hyderabad,West,2024-01-14
2856,Customer_2856,Male,52,Chennai,West,2021-05-04
2857,Customer_2857,Female,57,Bangalore,West,2021-05-22
2858,Customer_2858,Male,33,Lucknow,North,2023-08-25
2859,Customer_2859,Male,55,Delhi,West,2021-03-06
2860,Customer_2860,Male,30,Lucknow,South,2022-08-11
2861,Customer_2861,Male,40,Hyderabad,East,2023-04-18
2862,Customer_2862,Female,39,Lucknow,North,2022-01-04
2863,Customer_2863,Male,33,Lucknow,West,2021-10-05
2864,Customer_2864,Male,45,Kolkata,South,2024-08-06
2865,Customer_2865,Female,52,Mumbai,South,2025-02-02
2866,Customer_2866,Male,62,Pune,North,2024-08-15
2867,Customer_2867,Female,63,Delhi,North,2023-05-11
2868,Customer_2868,Female,25,Chennai,West,2023-02-06
2869,Customer_2869,Female,61,Lucknow,East,2023-02-23
2870,Customer_2870,Male,39,Delhi,West,2023-07-08
2871,Customer_2871,Female,38,Jaipur,West,2023-02-13
2872,Customer_2872,Female,43,Lucknow,North,2023-02-09
2873,Customer_2873,Male,57,Kolkata,West,2021-06-14
2874,Customer_2874,Female,38,Kolkata,West,2024-10-30
2875,Customer_2875,Female,42,Bangalore,East,2024-09-17
2876,Customer_2876,Female,58,Ahmedabad,South,2024-01-10
2877,Customer_2877,Female,18,Hyderabad,South,2021-09-30
2878,Customer_2878,Female,23,Pune,East,2024-08-31
2879,Customer_2879,Male,40,Jaipur,South,2022-12-14
2880,Customer_2880,Female,40,Hyderabad,West,2021-08-31
2881,Customer_2881,Female,60,Hyderabad,East,2022-01-01
2882,Customer_2882,Male,60,Bangalore,East,2024-01-06
2883,Customer_2883,Male,40,Kolkata,North,2023-03-16
2884,Customer_2884,Male,49,Mumbai,South,2023-12-20
2885,Customer_2885,Female,47,Delhi,North,2021-09-18
2886,Customer_2886,Male,30,Chennai,West,2025-01-30
2887,Customer_2887,Female,60,Mumbai,East,2022-04-02
2888,Customer_2888,Female,35,Mumbai,West,2021-01-08
2889,Customer_2889,Male,40,Ahmedabad,South,2021-02-16
2890,Customer_2890,Male,32,Ahmedabad,North,2022-09-04
2891,Customer_2891,Female,50,Mumbai,South,2023-08-07
2892,Customer_2892,Male,38,Kolkata,West,2024-10-11
2893,Customer_2893,Female,56,Hyderabad,North,2025-01-12
2894,Customer_2894,Male,40,Delhi,South,2024-01-21
2895,Customer_2895,Male,44,Hyderabad,West,2023-05-19
2896,Customer_2896,Male,62,Hyderabad,South,2023-12-26
2897,Customer_2897,Female,61,Hyderabad,East,2023-02-16
2898,Customer_2898,Male,35,Delhi,North,2022-04-16
2899,Customer_2899,Female,41,Delhi,North,2022-05-22
2900,Customer_2900,Female,64,Bangalore,North,2023-08-02
2901,Customer_2901,Female,57,Pune,East,2022-12-10
2902,Customer_2902,Female,59,Mumbai,North,2021-11-14
2903,Customer_2903,Male,24,Lucknow,East,2022-07-19
2904,Customer_2904,Female,37,Bangalore,North,2022-01-22
2905,Customer_2905,Female,44,Bangalore,South,2025-01-24
2906,Customer_2906,Male,23,Chennai,South,2021-08-20
2907,Customer_2907,Female,44,Lucknow,South,2021-03-07
2908,Customer_2908,Male,26,Ahmedabad,South,2024-09-14
2909,Customer_2909,Female,62,Chennai,East,2023-05-09
2910,Customer_2910,Male,48,Ahmedabad,West,2024-06-13
2911,Customer_2911,Female,38,Pune,West,2021-02-02
2912,Customer_2912,Male,43,Jaipur,South,2022-05-08
2913,Customer_2913,Female,57,Ahmedabad,West,2022-02-27
2914,Customer_2914,Female,62,Hyderabad,West,2021-05-18
2915,Customer_2915,Male,30,Ahmedabad,North,2021-07-26
2916,Customer_2916,Male,40,Lucknow,East,2024-05-01
2917,Customer_2917,Male,37,Delhi,South,2021-03-10
2918,Customer_2918,Male,54,Lucknow,West,2023-07-04
2919,Customer_2919,Female,45,Pune,West,2024-05-09
2920,Customer_2920,Female,34,Bangalore,South,2024-10-08
2921,Customer_2921,Male,45,Hyderabad,North,2024-12-11
2922,Customer_2922,Female,58,Jaipur,South,2021-04-10
2923,Customer_2923,Male,19,Pune,North,2022-05-17
2924,Customer_2924,Male,42,Bangalore,West,2021-04-01
2925,Customer_2925,Female,58,Kolkata,East,2023-04-04
2926,Customer_2926,Female,23,Lucknow,North,2023-06-18
2927,Customer_2927,Female,28,Pune,North,2022-04-25
2928,Customer_2928,Female,55,Lucknow,South,2024-01-11
2929,Customer_2929,Female,23,Jaipur,West,2022-03-21
2930,Customer_2930,Female,62,Bangalore,East,2021-04-26
2931,Customer_2931,Female,28,Lucknow,South,2021-10-14
2932,Customer_2932,Male,31,Delhi,South,2023-10-29
2933,Customer_2933,Male,19,Ahmedabad,East,2022-08-16
2934,Customer_2934,Male,57,Chennai,West,2022-04-25
2935,Customer_2935,Male,20,Jaipur,East,2025-02-07
2936,Customer_2936,Male,52,Chennai,South,2024-03-25
2937,Customer_2937,Female,50,Mumbai,South,2022-10-16
2938,Customer_2938,Male,41,Ahmedabad,North,2024-03-28
2939,Customer_2939,Male,36,Jaipur,East,2024-05-09
2940,Customer_2940,Male,35,Pune,East,2024-10-09
2941,Customer_2941,Male,41,Delhi,East,2022-10-19
2942,Customer_2942,Male,62,Pune,South,2022-05-01
2943,Customer_2943,Male,52,Kolkata,West,2022-09-11
2944,Customer_2944,Male,18,Mumbai,South,2021-10-21
2945,Customer_2945,Female,53,Delhi,North,2024-09-14
2946,Customer_2946,Female,42,Lucknow,South,2023-12-04
2947,Customer_2947,Male,62,Lucknow,South,2022-03-29
2948,Customer_2948,Female,60,Hyderabad,South,2023-04-27
2949,Customer_2949,Female,51,Lucknow,North,2022-09-08
2950,Customer_2950,Female,42,Bangalore,East,2022-07-18
2951,Customer_2951,Female,33,Mumbai,West,2021-05-05
2952,Customer_2952,Male,51,Bangalore,West,2024-02-15
2953,Customer_2953,Female,46,Ahmedabad,North,2024-04-26
2954,Customer_2954,Female,36,Hyderabad,East,2021-12-25
2955,Customer_2955,Female,40,Hyderabad,East,2024-07-06
2956,Customer_2956,Male,36,Lucknow,North,2024-10-22
2957,Customer_2957,Male,42,Delhi,South,2023-05-25
2958,Customer_2958,Male,33,Ahmedabad,East,2024-02-13
2959,Customer_2959,Male,26,Kolkata,West,2023-10-13
2960,Customer_2960,Male,18,Mumbai,North,2021-04-07
2961,Customer_2961,Male,59,Mumbai,West,2022-12-07
2962,Customer_2962,Male,36,Jaipur,South,2024-08-10
2963,Customer_2963,Female,50,Pune,North,2024-10-06
2964,Customer_2964,Female,51,Lucknow,West,2023-02-20
2965,Customer_2965,Female,33,Jaipur,West,2023-12-11
2966,Customer_2966,Male,61,Kolkata,South,2022-10-15
2967,Customer_2967,Male,57,Hyderabad,North,2024-11-27
2968,Customer_2968,Male,35,Chennai,East,2023-05-03
2969,Customer_2969,Male,51,Kolkata,East,2023-04-17
2970,Customer_2970,Male,42,Kolkata,West,2021-11-02
2971,Customer_2971,Female,62,Delhi,South,2022-09-07
2972,Customer_2972,Female,23,Delhi,West,2023-02-10
2973,Customer_2973,Male,38,Delhi,South,2022-01-12
2974,Customer_2974,Male,23,Delhi,East,2024-01-07
2975,Customer_2975,Male,49,Pune,West,2023-08-28
2976,Customer_2976,Male,58,Lucknow,West,2022-05-09
2977,Customer_2977,Female,60,Mumbai,South,2022-04-07
2978,Customer_2978,Male,56,Lucknow,North,2022-09-08
2979,Customer_2979,Male,48,Lucknow,South,2024-12-20
2980,Customer_2980,Male,59,Mumbai,North,2021-10-23
2981,Customer_2981,Male,27,Delhi,East,2023-08-07
2982,Customer_2982,Female,47,Lucknow,West,2021-04-29
2983,Customer_2983,Male,35,Pune,West,2024-02-26
2984,Customer_2984,Male,41,Delhi,South,2023-04-26
2985,Customer_2985,Female,26,Pune,South,2023-05-04
2986,Customer_2986,Female,48,Jaipur,East,2024-02-16
2987,Customer_2987,Female,32,Lucknow,East,2023-12-22
2988,Customer_2988,Male,21,Bangalore,North,2021-10-02
2989,Customer_2989,Male,57,Pune,East,2023-03-07
2990,Customer_2990,Female,26,Jaipur,East,2022-05-13
2991,Customer_2991,Female,62,Ahmedabad,East,2022-06-07
2992,Customer_2992,Female,26,Ahmedabad,East,2022-02-21
2993,Customer_2993,Female,43,Jaipur,North,2022-11-08
2994,Customer_2994,Female,21,Hyderabad,East,2024-08-17
2995,Customer_2995,Female,34,Hyderabad,North,2021-06-11
2996,Customer_2996,Male,33,Delhi,South,2023-07-11
2997,Customer_2997,Male,32,Hyderabad,West,2023-01-30
2998,Customer_2998,Male,52,Ahmedabad,South,2021-07-09
2999,Customer_2999,Female,22,Hyderabad,East,2024-01-02
3000,Customer_3000,Female,22,Bangalore,West,2025-01-23
3001,Customer_3001,Female,37,Ahmedabad,East,2022-01-26
3002,Customer_3002,Female,32,Pune,East,2021-04-16
3003,Customer_3003,Female,35,Kolkata,South,2022-07-04
3004,Customer_3004,Female,64,Hyderabad,East,2023-02-12
3005,Customer_3005,Male,19,Hyderabad,South,2024-10-11
3006,Customer_3006,Male,46,Lucknow,East,2024-05-23
3007,Customer_3007,Female,30,Mumbai,North,2024-05-19
3008,Customer_3008,Male,21,Bangalore,West,2021-03-22
3009,Customer_3009,Female,59,Ahmedabad,South,2021-05-30
3010,Customer_3010,Male,62,Ahmedabad,South,2022-01-21
3011,Customer_3011,Female,27,Chennai,West,2024-04-18
3012,Customer_3012,Female,48,Mumbai,South,2025-01-23
3013,Customer_3013,Male,58,Hyderabad,West,2024-10-07
3014,Customer_3014,Male,25,Jaipur,North,2024-02-19
3015,Customer_3015,Female,20,Lucknow,East,2022-03-21
3016,Customer_3016,Female,63,Pune,North,2023-09-09
3017,Customer_3017,Male,26,Lucknow,East,2022-03-04
3018,Customer_3018,Male,47,Hyderabad,West,2022-11-13
3019,Customer_3019,Female,28,Chennai,North,2022-09-13
3020,Customer_3020,Male,52,Kolkata,East,2021-02-01
3021,Customer_3021,Female,54,Ahmedabad,West,2022-03-10
3022,Customer_3022,Female,59,Pune,East,2022-01-25
3023,Customer_3023,Female,30,Mumbai,South,2021-08-29
3024,Customer_3024,Female,53,Hyderabad,South,2023-09-08
3025,Customer_3025,Male,30,Bangalore,West,2022-05-12
3026,Customer_3026,Male,29,Jaipur,East,2024-11-25
3027,Customer_3027,Male,54,Lucknow,South,2024-05-22
3028,Customer_3028,Male,27,Chennai,North,2024-12-12
3029,Customer_3029,Male,26,Kolkata,East,2022-02-23
3030,Customer_3030,Male,24,Delhi,East,2023-03-24
3031,Customer_3031,Male,19,Jaipur,South,2022-05-06
3032,Customer_3032,Female,40,Hyderabad,South,2024-02-05
3033,Customer_3033,Male,56,Kolkata,West,2022-10-21
3034,Customer_3034,Male,57,Jaipur,East,2022-08-03
3035,Customer_3035,Female,56,Jaipur,North,2023-02-19
3036,Customer_3036,Male,38,Ahmedabad,South,2023-08-13
3037,Customer_3037,Male,40,Jaipur,East,2023-12-29
3038,Customer_3038,Female,46,Bangalore,South,2024-08-21
3039,Customer_3039,Male,31,Kolkata,West,2023-01-06
3040,Customer_3040,Male,43,Hyderabad,East,2022-09-24
3041,Customer_3041,Male,22,Hyderabad,East,2022-06-20
3042,Customer_3042,Female,48,Bangalore,West,2023-01-07
3043,Customer_3043,Male,42,Mumbai,North,2023-11-17
3044,Customer_3044,Male,48,Kolkata,South,2023-10-16
3045,Customer_3045,Female,37,Jaipur,West,2023-08-13
3046,Customer_3046,Male,61,Chennai,East,2021-07-21
3047,Customer_3047,Female,34,Pune,West,2025-01-19
3048,Customer_3048,Female,62,Kolkata,East,2023-08-20
3049,Customer_3049,Male,19,Delhi,West,2022-10-18
3050,Customer_3050,Female,42,Chennai,North,2022-02-21
3051,Customer_3051,Female,30,Bangalore,East,2023-01-30
3052,Customer_3052,Male,56,Jaipur,West,2022-10-03
3053,Customer_3053,Female,45,Mumbai,North,2023-04-28
3054,Customer_3054,Female,59,Delhi,North,2021-04-04
3055,Customer_3055,Male,23,Mumbai,South,2024-02-27
3056,Customer_3056,Male,20,Mumbai,East,2022-03-30
3057,Customer_3057,Male,52,Lucknow,South,2021-10-26
3058,Customer_3058,Female,35,Ahmedabad,North,2021-02-03
3059,Customer_3059,Male,28,Delhi,South,2022-06-19
3060,Customer_3060,Female,37,Pune,South,2024-02-08
3061,Customer_3061,Female,22,Ahmedabad,West,2024-04-11
3062,Customer_3062,Female,36,Delhi,South,2024-04-01
3063,Customer_3063,Female,39,Mumbai,North,2025-01-14
3064,Customer_3064,Female,36,Ahmedabad,South,2023-05-06
3065,Customer_3065,Female,64,Delhi,East,2022-08-28
3066,Customer_3066,Female,33,Pune,West,2021-11-09
3067,Customer_3067,Male,41,Chennai,North,2022-02-06
3068,Customer_3068,Male,58,Kolkata,South,2022-11-07
3069,Customer_3069,Female,21,Jaipur,East,2022-04-17
3070,Customer_3070,Female,32,Delhi,North,2023-02-17
3071,Customer_3071,Male,42,Pune,South,2024-03-12
3072,Customer_3072,Female,61,Kolkata,West,2022-05-19
3073,Customer_3073,Male,52,Ahmedabad,South,2023-10-20
3074,Customer_3074,Male,31,Delhi,North,2024-02-02
3075,Customer_3075,Male,36,Delhi,North,2024-09-02
3076,Customer_3076,Female,55,Bangalore,North,2024-11-03
3077,Customer_3077,Female,53,Delhi,East,2022-11-23
3078,Customer_3078,Male,24,Jaipur,South,2022-06-12
3079,Customer_3079,Male,47,Bangalore,South,2023-09-28
3080,Customer_3080,Male,36,Kolkata,South,2025-01-21
3081,Customer_3081,Male,42,Ahmedabad,West,2024-08-07
3082,Customer_3082,Male,33,Ahmedabad,East,2023-10-02
3083,Customer_3083,Female,64,Hyderabad,East,2023-08-02
3084,Customer_3084,Male,57,Hyderabad,West,2021-12-11
3085,Customer_3085,Female,25,Kolkata,East,2025-02-09
3086,Customer_3086,Male,35,Lucknow,West,2022-12-23
3087,Customer_3087,Female,45,Pune,North,2021-12-13
3088,Customer_3088,Female,33,Lucknow,North,2021-10-14
3089,Customer_3089,Female,36,Pune,East,2025-01-15
3090,Customer_3090,Female,59,Bangalore,North,2024-01-25
3091,Customer_3091,Female,34,Kolkata,North,2023-09-28
3092,Customer_3092,Female,62,Pune,North,2022-01-12
3093,Customer_3093,Male,30,Hyderabad,South,2024-01-16
3094,Customer_3094,Female,24,Hyderabad,North,2024-08-07
3095,Customer_3095,Male,44,Mumbai,South,2021-05-01
3096,Customer_3096,Female,27,Pune,West,2023-12-10
3097,Customer_3097,Female,51,Kolkata,West,2021-03-11
3098,Customer_3098,Male,53,Chennai,West,2021-06-02
3099,Customer_3099,Female,42,Bangalore,West,2024-09-30
3100,Customer_3100,Male,23,Delhi,West,2021-04-10
3101,Customer_3101,Male,41,Delhi,North,2021-01-14
3102,Customer_3102,Male,35,Pune,North,2023-04-25
3103,Customer_3103,Male,40,Lucknow,North,2021-10-09
3104,Customer_3104,Female,23,Bangalore,West,2024-07-15
3105,Customer_3105,Female,46,Ahmedabad,West,2022-04-19
3106,Customer_3106,Male,42,Jaipur,South,2021-05-20
3107,Customer_3107,Female,34,Delhi,East,2024-12-19
3108,Customer_3108,Female,63,Hyderabad,North,2021-11-06
3109,Customer_3109,Male,41,Bangalore,East,2021-01-19
3110,Customer_3110,Female,28,Lucknow,West,2022-03-24
3111,Customer_3111,Male,43,Kolkata,West,2023-11-02
3112,Customer_3112,Male,51,Lucknow,West,2023-07-23
3113,Customer_3113,Female,45,Bangalore,East,2023-02-04
3114,Customer_3114,Female,20,Ahmedabad,South,2021-05-04
3115,Customer_3115,Female,28,Delhi,West,2024-06-19
3116,Customer_3116,Male,55,Hyderabad,South,2024-07-30
3117,Customer_3117,Male,31,Chennai,South,2024-09-27
3118,Customer_3118,Female,43,Kolkata,North,2024-06-16
3119,Customer_3119,Female,38,Hyderabad,East,2023-09-17
3120,Customer_3120,Female,56,Ahmedabad,West,2024-09-12
3121,Customer_3121,Female,47,Jaipur,South,2023-09-27
3122,Customer_3122,Male,25,Ahmedabad,East,2021-02-02
3123,Customer_3123,Female,37,Ahmedabad,East,2021-01-14
3124,Customer_3124,Male,49,Delhi,West,2023-12-26
3125,Customer_3125,Male,39,Bangalore,North,2024-02-04
3126,Customer_3126,Female,24,Bangalore,North,2023-04-23
3127,Customer_3127,Female,26,Hyderabad,South,2021-01-25
3128,Customer_3128,Female,62,Jaipur,North,2021-02-04
3129,Customer_3129,Male,18,Jaipur,North,2023-12-21
3130,Customer_3130,Female,46,Lucknow,North,2025-01-19
3131,Customer_3131,Female,25,Chennai,East,2022-07-17
3132,Customer_3132,Male,21,Ahmedabad,West,2024-01-03
3133,Customer_3133,Female,52,Chennai,East,2022-08-11
3134,Customer_3134,Male,20,Mumbai,East,2021-02-05
3135,Customer_3135,Female,62,Pune,West,2023-10-26
3136,Customer_3136,Male,57,Ahmedabad,East,2024-11-30
3137,Customer_3137,Female,24,Chennai,South,2024-10-12
3138,Customer_3138,Female,44,Delhi,South,2023-06-01
3139,Customer_3139,Male,18,Pune,East,2022-01-03
3140,Customer_3140,Male,44,Jaipur,North,2021-08-08
3141,Customer_3141,Female,33,Ahmedabad,East,2021-07-17
3142,Customer_3142,Male,55,Ahmedabad,North,2023-12-10
3143,Customer_3143,Male,24,Jaipur,East,2021-11-01
3144,Customer_3144,Male,61,Lucknow,South,2022-05-09
3145,Customer_3145,Male,40,Delhi,North,2022-01-29
3146,Customer_3146,Female,58,Ahmedabad,South,2024-06-23
3147,Customer_3147,Female,28,Chennai,East,2023-12-15
3148,Customer_3148,Male,59,Ahmedabad,West,2022-06-01
3149,Customer_3149,Male,50,Pune,North,2022-12-27
3150,Customer_3150,Male,53,Ahmedabad,North,2022-07-02
3151,Customer_3151,Male,54,Chennai,East,2023-03-24
3152,Customer_3152,Female,58,Kolkata,East,2021-06-11
3153,Customer_3153,Female,34,Pune,North,2023-02-04
3154,Customer_3154,Male,52,Hyderabad,West,2023-04-12
3155,Customer_3155,Male,22,Hyderabad,East,2023-07-30
3156,Customer_3156,Male,49,Pune,East,2024-03-03
3157,Customer_3157,Female,20,Delhi,East,2022-05-14
3158,Customer_3158,Male,64,Kolkata,West,2024-11-28
3159,Customer_3159,Female,52,Pune,North,2022-04-08
3160,Customer_3160,Male,31,Chennai,South,2022-09-07
3161,Customer_3161,Female,48,Mumbai,East,2024-11-01
3162,Customer_3162,Male,48,Bangalore,West,2021-06-15
3163,Customer_3163,Female,34,Ahmedabad,North,2024-08-31
3164,Customer_3164,Male,41,Lucknow,North,2024-08-23
3165,Customer_3165,Male,40,Kolkata,West,2021-03-06
3166,Customer_3166,Male,35,Chennai,East,2021-07-11
3167,Customer_3167,Female,31,Lucknow,South,2023-04-11
3168,Customer_3168,Male,32,Hyderabad,East,2023-02-16
3169,Customer_3169,Female,32,Pune,North,2023-02-12
3170,Customer_3170,Female,23,Kolkata,South,2024-02-06
3171,Customer_3171,Male,44,Jaipur,East,2023-09-02
3172,Customer_3172,Male,32,Ahmedabad,South,2021-04-25
3173,Customer_3173,Male,53,Bangalore,West,2024-07-28
3174,Customer_3174,Female,25,Hyderabad,East,2021-01-20
3175,Customer_3175,Male,32,Pune,North,2024-12-10
3176,Customer_3176,Female,20,Ahmedabad,North,2021-12-17
3177,Customer_3177,Female,64,Hyderabad,South,2021-06-19
3178,Customer_3178,Male,30,Jaipur,West,2023-10-21
3179,Customer_3179,Male,58,Lucknow,East,2023-06-08
3180,Customer_3180,Male,51,Bangalore,West,2024-08-13
3181,Customer_3181,Male,41,Bangalore,West,2022-11-10
3182,Customer_3182,Male,57,Ahmedabad,South,2024-03-04
3183,Customer_3183,Male,49,Chennai,South,2021-07-15
3184,Customer_3184,Female,49,Ahmedabad,East,2023-12-18
3185,Customer_3185,Female,47,Hyderabad,North,2021-03-29
3186,Customer_3186,Female,30,Chennai,East,2022-04-16
3187,Customer_3187,Male,18,Bangalore,West,2022-03-09
3188,Customer_3188,Female,51,Mumbai,South,2024-11-18
3189,Customer_3189,Female,32,Bangalore,West,2024-03-06
3190,Customer_3190,Female,61,Ahmedabad,South,2023-09-01
3191,Customer_3191,Female,31,Hyderabad,North,2022-07-10
3192,Customer_3192,Female,46,Chennai,West,2021-04-06
3193,Customer_3193,Male,51,Pune,South,2021-06-02
3194,Customer_3194,Male,35,Chennai,East,2024-11-02
3195,Customer_3195,Female,24,Jaipur,East,2022-07-29
3196,Customer_3196,Female,46,Delhi,East,2024-01-18
3197,Customer_3197,Female,48,Delhi,West,2024-02-29
3198,Customer_3198,Male,42,Kolkata,South,2024-09-09
3199,Customer_3199,Male,55,Lucknow,South,2021-03-09
3200,Customer_3200,Female,31,Kolkata,South,2022-01-03
3201,Customer_3201,Male,25,Kolkata,West,2022-10-07
3202,Customer_3202,Male,44,Chennai,South,2021-02-02
3203,Customer_3203,Female,19,Hyderabad,North,2022-03-01
3204,Customer_3204,Male,34,Kolkata,West,2024-04-17
3205,Customer_3205,Male,54,Ahmedabad,North,2021-10-23
3206,Customer_3206,Female,31,Chennai,North,2024-12-30
3207,Customer_3207,Male,42,Hyderabad,East,2023-03-27
3208,Customer_3208,Male,47,Delhi,West,2021-06-07
3209,Customer_3209,Female,46,Mumbai,South,2022-09-05
3210,Customer_3210,Male,37,Ahmedabad,North,2021-11-29
3211,Customer_3211,Male,38,Pune,West,2024-02-29
3212,Customer_3212,Female,39,Lucknow,South,2022-05-08
3213,Customer_3213,Female,52,Pune,East,2024-03-06
3214,Customer_3214,Female,54,Hyderabad,West,2023-03-08
3215,Customer_3215,Male,33,Jaipur,West,2024-10-18
3216,Customer_3216,Female,60,Hyderabad,West,2024-01-13
3217,Customer_3217,Male,34,Mumbai,South,2022-11-11
3218,Customer_3218,Female,33,Delhi,North,2023-02-26
3219,Customer_3219,Male,19,Bangalore,North,2021-10-14
3220,Customer_3220,Female,21,Hyderabad,West,2024-11-12
3221,Customer_3221,Female,38,Delhi,West,2025-01-23
3222,Customer_3222,Female,56,Pune,South,2021-06-10
3223,Customer_3223,Female,51,Hyderabad,East,2023-10-23
3224,Customer_3224,Male,47,Hyderabad,West,2022-12-10
3225,Customer_3225,Female,23,Kolkata,West,2021-04-20
3226,Customer_3226,Female,34,Pune,East,2021-07-20
3227,Customer_3227,Male,56,Lucknow,West,2023-06-15
3228,Customer_3228,Female,42,Lucknow,North,2022-04-21
3229,Customer_3229,Male,22,Ahmedabad,West,2021-06-05
3230,Customer_3230,Female,22,Jaipur,North,2022-11-29
3231,Customer_3231,Female,37,Bangalore,South,2024-05-24
3232,Customer_3232,Female,33,Hyderabad,South,2024-06-11
3233,Customer_3233,Male,58,Hyderabad,North,2024-05-04
3234,Customer_3234,Female,54,Ahmedabad,North,2023-03-24
3235,Customer_3235,Female,57,Jaipur,East,2022-10-31
3236,Customer_3236,Female,26,Pune,North,2021-03-02
3237,Customer_3237,Male,22,Hyderabad,North,2024-07-22
3238,Customer_3238,Male,59,Delhi,West,2022-07-14
3239,Customer_3239,Female,19,Chennai,East,2023-07-12
3240,Customer_3240,Male,26,Jaipur,North,2023-10-02
3241,Customer_3241,Female,60,Hyderabad,North,2022-04-13
3242,Customer_3242,Female,53,Jaipur,North,2022-12-30
3243,Customer_3243,Female,39,Lucknow,West,2024-02-07
3244,Customer_3244,Female,39,Bangalore,West,2023-02-08
3245,Customer_3245,Female,39,Hyderabad,West,2023-06-04
3246,Customer_3246,Female,51,Bangalore,South,2022-01-16
3247,Customer_3247,Female,46,Mumbai,West,2024-10-24
3248,Customer_3248,Male,55,Chennai,North,2024-04-14
3249,Customer_3249,Male,63,Ahmedabad,West,2024-09-15
3250,Customer_3250,Male,50,Bangalore,West,2023-02-18
3251,Customer_3251,Male,35,Hyderabad,East,2021-06-25
3252,Customer_3252,Male,24,Kolkata,North,2024-06-20
3253,Customer_3253,Male,18,Ahmedabad,West,2022-08-28
3254,Customer_3254,Male,50,Ahmedabad,South,2022-05-20
3255,Customer_3255,Female,18,Pune,East,2024-12-31
3256,Customer_3256,Female,41,Bangalore,West,2021-05-31
3257,Customer_3257,Female,21,Kolkata,East,2021-06-18
3258,Customer_3258,Female,21,Bangalore,East,2022-07-03
3259,Customer_3259,Male,35,Pune,South,2021-11-12
3260,Customer_3260,Male,44,Chennai,South,2023-02-18
3261,Customer_3261,Female,60,Hyderabad,South,2024-12-28
3262,Customer_3262,Female,49,Lucknow,North,2024-07-22
3263,Customer_3263,Male,50,Lucknow,East,2021-11-12
3264,Customer_3264,Female,45,Bangalore,West,2023-03-09
3265,Customer_3265,Female,59,Pune,South,2022-10-11
3266,Customer_3266,Female,58,Jaipur,South,2023-01-09
3267,Customer_3267,Female,53,Hyderabad,East,2021-08-07
3268,Customer_3268,Male,23,Bangalore,East,2021-07-07
3269,Customer_3269,Female,33,Jaipur,East,2021-01-11
3270,Customer_3270,Female,51,Hyderabad,West,2022-09-24
3271,Customer_3271,Male,40,Jaipur,North,2023-06-30
3272,Customer_3272,Male,59,Ahmedabad,North,2023-01-08
3273,Customer_3273,Female,41,Bangalore,South,2022-07-07
3274,Customer_3274,Male,30,Pune,North,2021-07-29
3275,Customer_3275,Female,35,Hyderabad,West,2021-09-29
3276,Customer_3276,Female,30,Lucknow,North,2021-06-28
3277,Customer_3277,Male,54,Bangalore,West,2022-01-19
3278,Customer_3278,Female,60,Hyderabad,South,2023-06-02
3279,Customer_3279,Female,56,Hyderabad,East,2023-07-09
3280,Customer_3280,Female,59,Jaipur,West,2024-02-15
3281,Customer_3281,Female,34,Jaipur,East,2024-02-11
3282,Customer_3282,Male,32,Kolkata,South,2023-11-16
3283,Customer_3283,Male,35,Bangalore,West,2023-04-16
3284,Customer_3284,Female,40,Mumbai,West,2021-07-31
3285,Customer_3285,Male,47,Delhi,North,2021-02-23
3286,Customer_3286,Female,51,Mumbai,West,2021-07-03
3287,Customer_3287,Female,21,Hyderabad,South,2022-12-26
3288,Customer_3288,Female,20,Kolkata,East,2024-02-10
3289,Customer_3289,Female,24,Hyderabad,West,2021-07-10
3290,Customer_3290,Female,35,Mumbai,South,2024-05-07
3291,Customer_3291,Male,59,Hyderabad,South,2024-05-09
3292,Customer_3292,Female,24,Jaipur,West,2022-10-27
3293,Customer_3293,Male,57,Bangalore,North,2023-02-28
3294,Customer_3294,Male,23,Lucknow,West,2021-01-26
3295,Customer_3295,Female,39,Mumbai,West,2022-08-21
3296,Customer_3296,Female,18,Delhi,North,2023-04-28
3297,Customer_3297,Female,21,Delhi,South,2023-03-06
3298,Customer_3298,Female,63,Jaipur,West,2021-06-23
3299,Customer_3299,Female,60,Bangalore,North,2025-01-24
3300,Customer_3300,Male,46,Chennai,East,2024-02-20
3301,Customer_3301,Female,38,Chennai,East,2022-05-13
3302,Customer_3302,Female,43,Pune,North,2024-03-17
3303,Customer_3303,Male,31,Pune,South,2023-12-04
3304,Customer_3304,Male,26,Mumbai,North,2021-12-14
3305,Customer_3305,Female,64,Jaipur,South,2024-11-04
3306,Customer_3306,Male,29,Jaipur,East,2023-02-19
3307,Customer_3307,Female,59,Hyderabad,West,2021-12-14
3308,Customer_3308,Male,23,Delhi,North,2021-10-12
3309,Customer_3309,Male,37,Delhi,East,2022-07-05
3310,Customer_3310,Female,41,Delhi,West,2022-09-09
3311,Customer_3311,Male,44,Kolkata,East,2022-07-04
3312,Customer_3312,Male,55,Bangalore,North,2023-10-07
3313,Customer_3313,Male,25,Ahmedabad,North,2021-10-26
3314,Customer_3314,Male,18,Hyderabad,West,2021-05-10
3315,Customer_3315,Male,41,Chennai,North,2021-12-09
3316,Customer_3316,Male,64,Jaipur,East,2023-06-10
3317,Customer_3317,Female,24,Chennai,West,2022-07-20
3318,Customer_3318,Female,36,Kolkata,West,2023-05-13
3319,Customer_3319,Male,39,Chennai,East,2022-09-06
3320,Customer_3320,Female,52,Delhi,South,2023-09-19
3321,Customer_3321,Female,47,Lucknow,West,2021-06-07
3322,Customer_3322,Female,46,Hyderabad,South,2023-01-10
3323,Customer_3323,Male,39,Lucknow,East,2022-05-31
3324,Customer_3324,Female,28,Pune,East,2022-05-21
3325,Customer_3325,Male,37,Lucknow,West,2025-01-16
3326,Customer_3326,Female,46,Ahmedabad,North,2024-07-04
3327,Customer_3327,Male,58,Jaipur,West,2023-10-13
3328,Customer_3328,Male,59,Kolkata,North,2024-05-01
3329,Customer_3329,Female,51,Jaipur,South,2024-06-16
3330,Customer_3330,Female,18,Ahmedabad,North,2022-02-05
3331,Customer_3331,Male,48,Jaipur,West,2023-07-27
3332,Customer_3332,Female,47,Lucknow,North,2021-08-08
3333,Customer_3333,Female,35,Bangalore,East,2021-10-05
3334,Customer_3334,Female,34,Jaipur,South,2022-09-16
3335,Customer_3335,Male,55,Pune,East,2021-01-14
3336,Customer_3336,Male,31,Hyderabad,East,2023-03-22
3337,Customer_3337,Female,40,Hyderabad,East,2022-11-12
3338,Customer_3338,Female,42,Chennai,East,2024-06-24
3339,Customer_3339,Female,32,Mumbai,North,2023-02-18
3340,Customer_3340,Male,63,Lucknow,East,2022-11-06
3341,Customer_3341,Male,39,Delhi,North,2023-06-21
3342,Customer_3342,Female,20,Ahmedabad,East,2022-11-17
3343,Customer_3343,Female,36,Kolkata,West,2023-06-01
3344,Customer_3344,Female,61,Lucknow,East,2024-08-26
3345,Customer_3345,Female,51,Hyderabad,West,2024-05-02
3346,Customer_3346,Female,52,Chennai,North,2021-10-06
3347,Customer_3347,Female,18,Jaipur,South,2022-09-08
3348,Customer_3348,Male,38,Delhi,North,2022-10-19
3349,Customer_3349,Female,46,Delhi,South,2024-05-20
3350,Customer_3350,Male,23,Mumbai,South,2024-11-24
3351,Customer_3351,Female,54,Bangalore,East,2022-02-16
3352,Customer_3352,Female,18,Mumbai,South,2023-09-09
3353,Customer_3353,Male,18,Jaipur,North,2022-10-06
3354,Customer_3354,Male,44,Lucknow,East,2021-12-30
3355,Customer_3355,Male,38,Pune,South,2023-03-27
3356,Customer_3356,Male,33,Ahmedabad,North,2022-10-16
3357,Customer_3357,Female,61,Delhi,South,2022-08-20
3358,Customer_3358,Male,57,Kolkata,South,2024-11-24
3359,Customer_3359,Female,43,Lucknow,East,2024-07-20
3360,Customer_3360,Male,33,Kolkata,East,2023-10-03
3361,Customer_3361,Female,45,Chennai,North,2024-03-25
3362,Customer_3362,Female,18,Kolkata,East,2022-05-12
3363,Customer_3363,Female,53,Delhi,East,2022-10-30
3364,Customer_3364,Female,27,Delhi,West,2023-02-10
3365,Customer_3365,Female,60,Delhi,West,2022-07-29
3366,Customer_3366,Female,34,Lucknow,North,2023-03-16
3367,Customer_3367,Male,40,Lucknow,East,2023-01-18
3368,Customer_3368,Female,24,Ahmedabad,North,2021-08-22
3369,Customer_3369,Male,61,Hyderabad,West,2024-02-29
3370,Customer_3370,Male,24,Bangalore,West,2022-02-14
3371,Customer_3371,Female,61,Jaipur,West,2024-04-27
3372,Customer_3372,Male,32,Jaipur,North,2024-01-23
3373,Customer_3373,Female,51,Chennai,East,2022-01-04
3374,Customer_3374,Male,63,Mumbai,South,2024-10-28
3375,Customer_3375,Female,62,Ahmedabad,East,2024-02-01
3376,Customer_3376,Male,21,Hyderabad,North,2021-02-25
3377,Customer_3377,Female,31,Pune,West,2025-01-29
3378,Customer_3378,Female,31,Chennai,South,2023-08-04
3379,Customer_3379,Female,33,Lucknow,North,2024-12-21
3380,Customer_3380,Female,24,Hyderabad,West,2022-03-06
3381,Customer_3381,Male,49,Delhi,North,2023-06-17
3382,Customer_3382,Female,36,Lucknow,South,2022-08-20
3383,Customer_3383,Male,19,Mumbai,West,2024-11-19
3384,Customer_3384,Male,27,Mumbai,East,2021-05-22
3385,Customer_3385,Male,34,Jaipur,North,2023-04-18
3386,Customer_3386,Female,54,Bangalore,South,2024-10-10
3387,Customer_3387,Male,29,Bangalore,East,2023-10-20
3388,Customer_3388,Male,23,Pune,South,2021-10-13
3389,Customer_3389,Male,39,Lucknow,North,2024-07-21
3390,Customer_3390,Female,49,Lucknow,South,2022-09-13
3391,Customer_3391,Female,58,Mumbai,West,2022-05-11
3392,Customer_3392,Male,37,Delhi,South,2022-06-02
3393,Customer_3393,Female,18,Delhi,North,2024-09-10
3394,Customer_3394,Female,64,Kolkata,West,2021-11-12
3395,Customer_3395,Male,23,Delhi,South,2025-01-04
3396,Customer_3396,Male,36,Hyderabad,South,2023-05-17
3397,Customer_3397,Female,35,Bangalore,West,2023-02-12
3398,Customer_3398,Male,23,Delhi,East,2021-06-01
3399,Customer_3399,Female,62,Ahmedabad,East,2023-07-09
3400,Customer_3400,Female,50,Lucknow,West,2024-05-09
3401,Customer_3401,Female,40,Delhi,South,2023-09-09
3402,Customer_3402,Female,40,Kolkata,East,2024-04-07
3403,Customer_3403,Female,43,Pune,West,2023-04-01
3404,Customer_3404,Female,30,Pune,North,2023-12-31
3405,Customer_3405,Male,24,Mumbai,South,2023-11-04
3406,Customer_3406,Male,32,Delhi,North,2024-11-17
3407,Customer_3407,Female,61,Lucknow,South,2023-05-07
3408,Customer_3408,Female,44,Lucknow,East,2024-01-19
3409,Customer_3409,Female,43,Bangalore,North,2021-03-17
3410,Customer_3410,Male,50,Pune,North,2023-01-07
3411,Customer_3411,Female,32,Mumbai,West,2024-12-07
3412,Customer_3412,Male,53,Delhi,East,2024-01-05
3413,Customer_3413,Female,62,Pune,East,2024-05-01
3414,Customer_3414,Female,44,Pune,South,2024-07-30
3415,Customer_3415,Male,22,Lucknow,West,2021-06-24
3416,Customer_3416,Male,19,Delhi,West,2021-08-12
3417,Customer_3417,Female,50,Chennai,South,2022-05-24
3418,Customer_3418,Female,33,Delhi,North,2024-09-08
3419,Customer_3419,Female,40,Hyderabad,South,2024-09-23
3420,Customer_3420,Male,55,Pune,South,2022-12-29
3421,Customer_3421,Male,33,Bangalore,South,2021-12-07
3422,Customer_3422,Male,31,Chennai,West,2024-08-18
3423,Customer_3423,Male,46,Kolkata,South,2024-06-08
3424,Customer_3424,Male,43,Mumbai,South,2021-04-01
3425,Customer_3425,Male,52,Delhi,South,2024-02-28
3426,Customer_3426,Female,32,Bangalore,East,2024-08-14
3427,Customer_3427,Female,20,Kolkata,North,2024-10-19
3428,Customer_3428,Male,40,Kolkata,North,2024-08-17
3429,Customer_3429,Female,46,Pune,North,2023-03-30
3430,Customer_3430,Female,51,Hyderabad,North,2022-11-11
3431,Customer_3431,Male,50,Pune,West,2023-06-01
3432,Customer_3432,Female,58,Mumbai,West,2021-08-05
3433,Customer_3433,Male,58,Chennai,South,2021-01-22
3434,Customer_3434,Male,40,Lucknow,West,2021-07-21
3435,Customer_3435,Female,24,Ahmedabad,North,2022-06-14
3436,Customer_3436,Male,20,Chennai,East,2022-03-31
3437,Customer_3437,Male,49,Mumbai,South,2023-11-12
3438,Customer_3438,Male,48,Lucknow,South,2023-11-29
3439,Customer_3439,Male,35,Kolkata,North,2024-02-17
3440,Customer_3440,Male,60,Chennai,North,2024-04-03
3441,Customer_3441,Male,24,Lucknow,North,2024-11-09
3442,Customer_3442,Male,58,Delhi,West,2024-03-24
3443,Customer_3443,Male,18,Pune,South,2022-03-29
3444,Customer_3444,Female,31,Ahmedabad,North,2023-07-02
3445,Customer_3445,Female,49,Bangalore,East,2023-02-06
3446,Customer_3446,Female,23,Delhi,South,2023-03-13
3447,Customer_3447,Male,56,Chennai,South,2023-08-07
3448,Customer_3448,Male,27,Jaipur,West,2024-10-23
3449,Customer_3449,Female,24,Lucknow,South,2024-04-20
3450,Customer_3450,Female,43,Kolkata,North,2024-11-15
3451,Customer_3451,Female,51,Kolkata,North,2023-10-22
3452,Customer_3452,Male,47,Jaipur,East,2021-11-05
3453,Customer_3453,Female,53,Chennai,South,2022-12-08
3454,Customer_3454,Female,38,Kolkata,South,2021-02-20
3455,Customer_3455,Male,34,Hyderabad,West,2023-09-16
3456,Customer_3456,Female,50,Kolkata,North,2021-08-03
3457,Customer_3457,Male,27,Ahmedabad,East,2022-08-29
3458,Customer_3458,Male,64,Hyderabad,North,2023-05-02
3459,Customer_3459,Male,59,Mumbai,South,2021-06-25
3460,Customer_3460,Female,29,Mumbai,South,2021-08-26
3461,Customer_3461,Female,33,Lucknow,East,2025-02-04
3462,Customer_3462,Male,58,Hyderabad,South,2021-10-18
3463,Customer_3463,Female,49,Delhi,East,2022-12-15
3464,Customer_3464,Female,32,Lucknow,East,2022-10-01
3465,Customer_3465,Female,44,Delhi,North,2022-12-04
3466,Customer_3466,Female,45,Ahmedabad,East,2023-07-22
3467,Customer_3467,Male,34,Pune,South,2022-02-28
3468,Customer_3468,Female,63,Chennai,West,2023-12-04
3469,Customer_3469,Male,19,Hyderabad,West,2023-09-17
3470,Customer_3470,Male,53,Jaipur,South,2022-12-15
3471,Customer_3471,Female,24,Bangalore,West,2023-09-03
3472,Customer_3472,Male,30,Chennai,West,2021-07-19
3473,Customer_3473,Female,32,Ahmedabad,East,2023-06-17
3474,Customer_3474,Female,42,Hyderabad,West,2025-01-18
3475,Customer_3475,Male,40,Mumbai,West,2024-11-27
3476,Customer_3476,Male,39,Chennai,West,2023-07-16
3477,Customer_3477,Male,43,Delhi,North,2022-10-16
3478,Customer_3478,Male,50,Jaipur,South,2021-05-18
3479,Customer_3479,Female,28,Chennai,East,2022-09-07
3480,Customer_3480,Female,27,Bangalore,West,2021-04-02
3481,Customer_3481,Female,42,Ahmedabad,South,2024-12-26
3482,Customer_3482,Male,54,Ahmedabad,West,2021-08-24
3483,Customer_3483,Male,60,Lucknow,North,2021-02-16
3484,Customer_3484,Male,55,Ahmedabad,North,2022-12-04
3485,Customer_3485,Female,58,Lucknow,West,2024-08-20
3486,Customer_3486,Male,62,Ahmedabad,West,2021-08-12
3487,Customer_3487,Female,41,Bangalore,West,2024-10-18
3488,Customer_3488,Male,57,Ahmedabad,North,2021-12-03
3489,Customer_3489,Female,63,Jaipur,North,2022-05-15
3490,Customer_3490,Female,50,Pune,South,2023-11-23
3491,Customer_3491,Male,34,Mumbai,East,2021-12-24
3492,Customer_3492,Male,41,Jaipur,East,2024-02-05
3493,Customer_3493,Female,54,Ahmedabad,North,2021-11-24
3494,Customer_3494,Female,19,Hyderabad,East,2022-11-09
3495,Customer_3495,Male,49,Delhi,West,2024-02-21
3496,Customer_3496,Male,41,Pune,South,2023-05-24
3497,Customer_3497,Female,26,Mumbai,North,2023-08-05
3498,Customer_3498,Male,21,Delhi,North,2022-04-20
3499,Customer_3499,Female,34,Jaipur,East,2023-04-10
3500,Customer_3500,Female,34,Bangalore,West,2024-07-13
3501,Customer_3501,Male,47,Bangalore,South,2022-01-13
3502,Customer_3502,Male,57,Delhi,East,2022-01-17
3503,Customer_3503,Male,28,Hyderabad,North,2024-08-04
3504,Customer_3504,Male,38,Delhi,North,2024-09-08
3505,Customer_3505,Male,38,Jaipur,East,2023-06-05
3506,Customer_3506,Female,35,Delhi,West,2023-03-22
3507,Customer_3507,Female,46,Mumbai,South,2021-03-01
3508,Customer_3508,Male,41,Hyderabad,South,2024-06-11
3509,Customer_3509,Male,27,Kolkata,South,2022-02-09
3510,Customer_3510,Male,62,Chennai,South,2023-07-10
3511,Customer_3511,Female,34,Kolkata,West,2024-04-27
3512,Customer_3512,Male,35,Lucknow,North,2023-05-30
3513,Customer_3513,Male,59,Delhi,North,2023-03-08
3514,Customer_3514,Female,37,Bangalore,South,2021-01-10
3515,Customer_3515,Female,54,Kolkata,South,2024-12-14
3516,Customer_3516,Male,62,Ahmedabad,South,2022-03-16
3517,Customer_3517,Male,35,Jaipur,East,2022-02-26
3518,Customer_3518,Male,34,Kolkata,East,2022-07-25
3519,Customer_3519,Female,26,Pune,North,2024-12-12
3520,Customer_3520,Male,31,Hyderabad,North,2021-05-09
3521,Customer_3521,Male,46,Jaipur,South,2024-03-28
3522,Customer_3522,Male,48,Bangalore,East,2021-07-28
3523,Customer_3523,Female,21,Lucknow,West,2024-01-05
3524,Customer_3524,Female,35,Kolkata,East,2022-01-18
3525,Customer_3525,Male,37,Hyderabad,North,2023-01-20
3526,Customer_3526,Male,64,Chennai,East,2022-10-30
3527,Customer_3527,Female,60,Hyderabad,North,2022-02-08
3528,Customer_3528,Female,61,Hyderabad,South,2023-07-27
3529,Customer_3529,Female,26,Jaipur,West,2021-08-22
3530,Customer_3530,Female,30,Chennai,South,2022-06-22
3531,Customer_3531,Female,32,Hyderabad,South,2024-10-05
3532,Customer_3532,Female,44,Pune,West,2023-09-30
3533,Customer_3533,Female,32,Kolkata,West,2023-12-17
3534,Customer_3534,Female,45,Kolkata,West,2024-08-01
3535,Customer_3535,Female,54,Pune,North,2022-10-04
3536,Customer_3536,Male,36,Kolkata,South,2024-05-07
3537,Customer_3537,Male,43,Hyderabad,North,2023-03-07
3538,Customer_3538,Male,43,Lucknow,West,2024-06-05
3539,Customer_3539,Female,42,Hyderabad,North,2023-03-15
3540,Customer_3540,Male,43,Jaipur,West,2024-04-17
3541,Customer_3541,Female,43,Ahmedabad,East,2021-08-22
3542,Customer_3542,Female,63,Lucknow,West,2022-12-14
3543,Customer_3543,Male,45,Bangalore,South,2022-12-22
3544,Customer_3544,Female,35,Bangalore,South,2023-07-27
3545,Customer_3545,Male,49,Lucknow,South,2024-06-18
3546,Customer_3546,Male,20,Hyderabad,North,2021-12-20
3547,Customer_3547,Male,19,Delhi,South,2024-10-11
3548,Customer_3548,Female,50,Ahmedabad,West,2024-12-16
3549,Customer_3549,Male,59,Pune,East,2022-09-02
3550,Customer_3550,Female,36,Hyderabad,South,2024-06-12
3551,Customer_3551,Male,34,Lucknow,North,2024-04-23
3552,Customer_3552,Male,61,Delhi,East,2021-06-23
3553,Customer_3553,Male,50,Hyderabad,South,2024-10-08
3554,Customer_3554,Female,29,Delhi,South,2021-10-02
3555,Customer_3555,Female,20,Lucknow,East,2022-10-04
3556,Customer_3556,Female,60,Hyderabad,South,2021-08-30
3557,Customer_3557,Male,43,Chennai,North,2022-05-04
3558,Customer_3558,Male,52,Kolkata,West,2022-09-18
3559,Customer_3559,Female,25,Lucknow,West,2021-08-28
3560,Customer_3560,Female,53,Bangalore,East,2022-01-10
3561,Customer_3561,Female,24,Bangalore,West,2023-02-04
3562,Customer_3562,Female,63,Ahmedabad,South,2024-11-21
3563,Customer_3563,Female,63,Mumbai,South,2021-10-17
3564,Customer_3564,Female,53,Bangalore,North,2023-11-13
3565,Customer_3565,Male,33,Mumbai,West,2023-03-07
3566,Customer_3566,Female,41,Chennai,East,2023-05-07
3567,Customer_3567,Male,18,Lucknow,South,2024-05-06
3568,Customer_3568,Male,42,Delhi,East,2021-10-10
3569,Customer_3569,Female,27,Ahmedabad,South,2024-03-23
3570,Customer_3570,Female,33,Kolkata,South,2023-02-25
3571,Customer_3571,Male,33,Pune,North,2023-05-17
3572,Customer_3572,Female,25,Mumbai,West,2022-01-16
3573,Customer_3573,Female,46,Kolkata,North,2023-09-24
3574,Customer_3574,Male,56,Ahmedabad,West,2024-07-25
3575,Customer_3575,Male,45,Ahmedabad,East,2024-01-06
3576,Customer_3576,Male,23,Bangalore,West,2024-11-21
3577,Customer_3577,Female,33,Kolkata,East,2024-08-14
3578,Customer_3578,Male,37,Hyderabad,South,2021-12-21
3579,Customer_3579,Female,33,Jaipur,East,2024-02-11
3580,Customer_3580,Male,24,Ahmedabad,East,2021-12-08
3581,Customer_3581,Male,58,Mumbai,South,2023-09-30
3582,Customer_3582,Male,31,Pune,East,2022-08-15
3583,Customer_3583,Female,60,Pune,East,2021-10-15
3584,Customer_3584,Female,43,Chennai,South,2022-01-19
3585,Customer_3585,Male,43,Chennai,South,2022-10-07
3586,Customer_3586,Male,31,Bangalore,South,2023-07-13
3587,Customer_3587,Male,24,Hyderabad,West,2024-06-22
3588,Customer_3588,Female,50,Bangalore,South,2021-04-20
3589,Customer_3589,Male,43,Pune,South,2023-01-06
3590,Customer_3590,Female,62,Delhi,East,2021-01-20
3591,Customer_3591,Male,37,Pune,North,2023-09-20
3592,Customer_3592,Male,20,Ahmedabad,North,2021-10-07
3593,Customer_3593,Male,21,Kolkata,West,2022-02-04
3594,Customer_3594,Male,43,Kolkata,West,2023-02-26
3595,Customer_3595,Male,28,Ahmedabad,North,2024-02-25
3596,Customer_3596,Male,19,Ahmedabad,North,2023-11-02
3597,Customer_3597,Female,31,Pune,South,2024-08-30
3598,Customer_3598,Male,61,Kolkata,East,2023-10-11
3599,Customer_3599,Female,47,Kolkata,South,2023-04-18
3600,Customer_3600,Male,29,Lucknow,West,2024-11-03
3601,Customer_3601,Male,43,Kolkata,North,2023-10-05
3602,Customer_3602,Female,61,Ahmedabad,West,2023-05-02
3603,Customer_3603,Male,50,Chennai,South,2024-12-25
3604,Customer_3604,Female,30,Hyderabad,West,2023-06-29
3605,Customer_3605,Female,31,Delhi,West,2023-09-28
3606,Customer_3606,Male,41,Ahmedabad,East,2021-12-09
3607,Customer_3607,Female,51,Kolkata,West,2021-06-19
3608,Customer_3608,Female,61,Mumbai,South,2024-03-03
3609,Customer_3609,Male,43,Pune,East,2021-03-05
3610,Customer_3610,Female,38,Pune,West,2022-03-28
3611,Customer_3611,Male,45,Hyderabad,South,2022-08-22
3612,Customer_3612,Male,53,Ahmedabad,North,2021-03-08
3613,Customer_3613,Male,57,Hyderabad,East,2022-07-17
3614,Customer_3614,Male,19,Chennai,West,2022-04-06
3615,Customer_3615,Female,59,Jaipur,West,2024-01-07
3616,Customer_3616,Male,26,Bangalore,East,2022-08-15
3617,Customer_3617,Male,40,Mumbai,South,2021-12-11
3618,Customer_3618,Female,32,Bangalore,West,2023-07-26
3619,Customer_3619,Male,30,Jaipur,South,2024-03-04
3620,Customer_3620,Male,40,Mumbai,East,2023-10-12
3621,Customer_3621,Female,34,Bangalore,West,2024-01-31
3622,Customer_3622,Female,19,Mumbai,North,2023-11-13
3623,Customer_3623,Female,37,Hyderabad,North,2021-08-20
3624,Customer_3624,Female,37,Delhi,North,2024-03-18
3625,Customer_3625,Female,63,Lucknow,East,2021-08-22
3626,Customer_3626,Female,20,Mumbai,West,2022-07-03
3627,Customer_3627,Female,29,Jaipur,East,2024-01-18
3628,Customer_3628,Male,57,Hyderabad,West,2023-01-22
3629,Customer_3629,Female,19,Lucknow,North,2024-01-16
3630,Customer_3630,Female,53,Hyderabad,North,2021-03-27
3631,Customer_3631,Female,31,Chennai,South,2025-01-12
3632,Customer_3632,Male,33,Kolkata,East,2023-06-23
3633,Customer_3633,Male,36,Pune,East,2024-01-24
3634,Customer_3634,Female,51,Chennai,South,2022-03-24
3635,Customer_3635,Female,61,Jaipur,North,2023-05-21
3636,Customer_3636,Female,63,Ahmedabad,North,2021-07-29
3637,Customer_3637,Male,23,Ahmedabad,East,2024-08-31
3638,Customer_3638,Male,30,Pune,West,2022-05-22
3639,Customer_3639,Female,53,Hyderabad,North,2022-09-02
3640,Customer_3640,Male,39,Delhi,South,2021-03-08
3641,Customer_3641,Female,35,Jaipur,South,2023-07-11
3642,Customer_3642,Male,29,Pune,South,2022-06-23
3643,Customer_3643,Male,47,Lucknow,East,2022-12-15
3644,Customer_3644,Female,57,Lucknow,East,2021-06-28
3645,Customer_3645,Female,24,Ahmedabad,East,2023-06-19
3646,Customer_3646,Female,49,Kolkata,East,2021-08-29
3647,Customer_3647,Female,36,Hyderabad,South,2022-05-01
3648,Customer_3648,Male,23,Ahmedabad,South,2022-03-06
3649,Customer_3649,Male,37,Delhi,East,2024-04-19
3650,Customer_3650,Male,44,Pune,East,2024-11-12
3651,Customer_3651,Female,60,Mumbai,South,2022-12-20
3652,Customer_3652,Male,54,Delhi,East,2024-12-26
3653,Customer_3653,Female,24,Mumbai,East,2024-06-03
3654,Customer_3654,Male,22,Hyderabad,East,2024-07-19
3655,Customer_3655,Female,28,Pune,East,2023-05-27
3656,Customer_3656,Female,32,Lucknow,North,2021-12-06
3657,Customer_3657,Male,20,Lucknow,East,2024-06-15
3658,Customer_3658,Female,22,Chennai,South,2021-10-13
3659,Customer_3659,Female,40,Lucknow,South,2022-02-28
3660,Customer_3660,Male,54,Jaipur,South,2022-02-28
3661,Customer_3661,Female,26,Chennai,South,2021-05-02
3662,Customer_3662,Female,32,Chennai,East,2024-03-13
3663,Customer_3663,Female,20,Lucknow,North,2022-12-20
3664,Customer_3664,Male,46,Ahmedabad,West,2023-12-27
3665,Customer_3665,Male,23,Kolkata,West,2022-07-30
3666,Customer_3666,Female,34,Kolkata,West,2024-05-07
3667,Customer_3667,Male,43,Jaipur,West,2024-01-09
3668,Customer_3668,Female,38,Bangalore,South,2021-12-11
3669,Customer_3669,Female,25,Ahmedabad,East,2022-10-25
3670,Customer_3670,Female,38,Bangalore,East,2024-12-12
3671,Customer_3671,Female,28,Mumbai,West,2022-08-23
3672,Customer_3672,Female,55,Ahmedabad,West,2022-08-16
3673,Customer_3673,Male,25,Pune,North,2024-03-18
3674,Customer_3674,Female,59,Bangalore,North,2022-07-02
3675,Customer_3675,Male,41,Jaipur,North,2023-11-20
3676,Customer_3676,Male,52,Jaipur,South,2024-10-23
3677,Customer_3677,Female,31,Ahmedabad,East,2021-07-15
3678,Customer_3678,Female,31,Chennai,South,2021-10-05
3679,Customer_3679,Male,27,Pune,South,2023-04-23
3680,Customer_3680,Male,29,Hyderabad,East,2021-05-02
3681,Customer_3681,Male,55,Pune,North,2022-07-22
3682,Customer_3682,Female,61,Jaipur,East,2024-09-05
3683,Customer_3683,Male,63,Mumbai,West,2021-09-17
3684,Customer_3684,Female,51,Bangalore,North,2024-12-07
3685,Customer_3685,Female,58,Bangalore,East,2021-09-29
3686,Customer_3686,Female,27,Mumbai,South,2022-05-27
3687,Customer_3687,Male,34,Delhi,East,2021-10-27
3688,Customer_3688,Female,34,Ahmedabad,North,2024-12-27
3689,Customer_3689,Female,20,Jaipur,West,2022-10-22
3690,Customer_3690,Female,48,Kolkata,South,2022-05-22
3691,Customer_3691,Female,18,Lucknow,West,2024-10-16
3692,Customer_3692,Female,29,Mumbai,West,2023-03-16
3693,Customer_3693,Male,56,Mumbai,South,2023-09-30
3694,Customer_3694,Female,21,Pune,East,2021-10-19
3695,Customer_3695,Female,59,Ahmedabad,East,2024-03-28
3696,Customer_3696,Male,30,Ahmedabad,West,2024-07-19
3697,Customer_3697,Female,51,Kolkata,East,2022-07-05
3698,Customer_3698,Male,59,Lucknow,North,2024-07-09
3699,Customer_3699,Female,38,Ahmedabad,West,2023-04-29
3700,Customer_3700,Male,39,Chennai,West,2023-02-08
3701,Customer_3701,Male,21,Jaipur,West,2023-07-15
3702,Customer_3702,Female,35,Chennai,North,2021-06-04
3703,Customer_3703,Female,22,Delhi,West,2024-07-21
3704,Customer_3704,Female,36,Jaipur,East,2021-07-10
3705,Customer_3705,Male,19,Hyderabad,East,2023-04-06
3706,Customer_3706,Male,29,Jaipur,East,2023-11-22
3707,Customer_3707,Male,34,Jaipur,East,2022-07-24
3708,Customer_3708,Female,27,Kolkata,West,2024-11-23
3709,Customer_3709,Male,51,Chennai,North,2023-01-26
3710,Customer_3710,Male,23,Lucknow,South,2023-07-21
3711,Customer_3711,Female,25,Pune,East,2023-09-27
3712,Customer_3712,Male,28,Kolkata,South,2022-11-02
3713,Customer_3713,Male,29,Jaipur,South,2024-04-06
3714,Customer_3714,Female,26,Pune,West,2021-01-06
3715,Customer_3715,Male,19,Bangalore,East,2025-02-09
3716,Customer_3716,Female,25,Pune,East,2021-07-10
3717,Customer_3717,Female,28,Mumbai,East,2025-02-05
3718,Customer_3718,Female,53,Kolkata,South,2023-07-28
3719,Customer_3719,Female,27,Kolkata,East,2024-07-24
3720,Customer_3720,Female,38,Mumbai,East,2024-09-22
3721,Customer_3721,Male,37,Bangalore,North,2024-11-29
3722,Customer_3722,Male,25,Ahmedabad,West,2023-01-04
3723,Customer_3723,Female,53,Ahmedabad,East,2021-05-10
3724,Customer_3724,Female,46,Ahmedabad,East,2023-12-31
3725,Customer_3725,Male,59,Ahmedabad,West,2023-03-26
3726,Customer_3726,Female,29,Chennai,West,2022-03-23
3727,Customer_3727,Female,31,Mumbai,South,2023-05-30
3728,Customer_3728,Female,38,Bangalore,South,2022-03-10
3729,Customer_3729,Male,39,Jaipur,South,2023-10-11
3730,Customer_3730,Male,38,Delhi,West,2022-07-04
3731,Customer_3731,Female,61,Kolkata,North,2022-10-24
3732,Customer_3732,Female,47,Pune,East,2022-08-04
3733,Customer_3733,Male,56,Ahmedabad,West,2022-11-23
3734,Customer_3734,Male,37,Pune,North,2024-01-26
3735,Customer_3735,Female,41,Delhi,West,2024-03-29
3736,Customer_3736,Female,40,Kolkata,North,2021-09-25
3737,Customer_3737,Male,24,Hyderabad,West,2024-03-05
3738,Customer_3738,Male,26,Lucknow,West,2023-09-21
3739,Customer_3739,Male,18,Bangalore,North,2022-12-05
3740,Customer_3740,Female,43,Chennai,North,2024-10-29
3741,Customer_3741,Male,55,Pune,North,2021-04-10
3742,Customer_3742,Female,55,Ahmedabad,North,2021-04-05
3743,Customer_3743,Male,61,Mumbai,North,2021-07-23
3744,Customer_3744,Male,39,Pune,North,2024-07-06
3745,Customer_3745,Male,61,Kolkata,North,2023-07-31
3746,Customer_3746,Male,27,Hyderabad,North,2021-02-03
3747,Customer_3747,Female,23,Bangalore,West,2021-09-12
3748,Customer_3748,Female,34,Mumbai,North,2021-11-20
3749,Customer_3749,Male,55,Lucknow,North,2023-06-23
3750,Customer_3750,Female,41,Kolkata,West,2023-07-24
3751,Customer_3751,Male,27,Hyderabad,West,2021-01-02
3752,Customer_3752,Male,25,Mumbai,South,2023-05-27
3753,Customer_3753,Male,38,Lucknow,South,2022-02-19
3754,Customer_3754,Male,23,Pune,North,2024-11-11
3755,Customer_3755,Female,38,Kolkata,North,2021-09-28
3756,Customer_3756,Male,56,Jaipur,South,2024-08-24
3757,Customer_3757,Male,41,Lucknow,South,2022-09-11
3758,Customer_3758,Female,50,Hyderabad,East,2021-11-22
3759,Customer_3759,Male,35,Jaipur,East,2022-07-16
3760,Customer_3760,Male,45,Jaipur,North,2021-07-11
3761,Customer_3761,Male,49,Chennai,East,2024-09-02
3762,Customer_3762,Female,29,Hyderabad,South,2023-01-09
3763,Customer_3763,Male,59,Jaipur,North,2022-05-28
3764,Customer_3764,Female,44,Pune,West,2021-06-18
3765,Customer_3765,Male,27,Kolkata,West,2023-02-01
3766,Customer_3766,Male,63,Kolkata,South,2024-09-22
3767,Customer_3767,Female,59,Pune,East,2024-08-21
3768,Customer_3768,Male,49,Chennai,West,2021-12-05
3769,Customer_3769,Male,59,Bangalore,East,2021-04-17
3770,Customer_3770,Female,43,Chennai,West,2023-03-23
3771,Customer_3771,Female,42,Kolkata,East,2024-07-05
3772,Customer_3772,Female,28,Bangalore,West,2022-09-18
3773,Customer_3773,Female,40,Chennai,West,2025-01-26
3774,Customer_3774,Female,51,Jaipur,North,2024-12-03
3775,Customer_3775,Male,57,Bangalore,North,2022-04-25
3776,Customer_3776,Female,40,Kolkata,South,2023-05-30
3777,Customer_3777,Male,46,Pune,West,2024-09-04
3778,Customer_3778,Male,48,Ahmedabad,East,2021-07-06
3779,Customer_3779,Male,24,Jaipur,West,2024-12-12
3780,Customer_3780,Female,57,Jaipur,East,2021-07-14
3781,Customer_3781,Female,50,Ahmedabad,East,2021-01-03
3782,Customer_3782,Male,38,Lucknow,West,2022-03-14
3783,Customer_3783,Female,19,Delhi,East,2023-09-04
3784,Customer_3784,Female,35,Mumbai,South,2021-06-09
3785,Customer_3785,Female,64,Hyderabad,North,2021-09-29
3786,Customer_3786,Female,50,Chennai,East,2024-04-30
3787,Customer_3787,Male,54,Delhi,West,2022-04-09
3788,Customer_3788,Male,51,Chennai,North,2023-11-30
3789,Customer_3789,Female,37,Delhi,South,2024-10-24
3790,Customer_3790,Male,52,Bangalore,East,2023-07-01
3791,Customer_3791,Female,35,Pune,East,2021-01-20
3792,Customer_3792,Female,63,Hyderabad,North,2021-01-17
3793,Customer_3793,Male,41,Hyderabad,East,2024-11-25
3794,Customer_3794,Male,25,Chennai,West,2022-12-05
3795,Customer_3795,Male,47,Ahmedabad,North,2021-09-04
3796,Customer_3796,Female,61,Bangalore,North,2023-05-15
3797,Customer_3797,Male,27,Lucknow,East,2024-11-22
3798,Customer_3798,Female,40,Hyderabad,South,2021-09-28
3799,Customer_3799,Male,28,Mumbai,South,2023-09-06
3800,Customer_3800,Male,19,Chennai,South,2021-05-26
3801,Customer_3801,Female,43,Jaipur,South,2022-04-14
3802,Customer_3802,Female,53,Mumbai,North,2023-02-24
3803,Customer_3803,Female,50,Kolkata,North,2021-07-02
3804,Customer_3804,Female,64,Chennai,East,2025-02-05
3805,Customer_3805,Female,30,Chennai,South,2021-07-29
3806,Customer_3806,Female,57,Jaipur,South,2021-07-31
3807,Customer_3807,Female,42,Bangalore,East,2022-10-04
3808,Customer_3808,Female,21,Jaipur,East,2023-01-23
3809,Customer_3809,Male,59,Hyderabad,East,2022-09-05
3810,Customer_3810,Female,36,Pune,West,2021-10-08
3811,Customer_3811,Female,35,Chennai,East,2023-02-23
3812,Customer_3812,Male,54,Kolkata,East,2021-09-30
3813,Customer_3813,Female,47,Ahmedabad,West,2024-08-06
3814,Customer_3814,Male,36,Chennai,South,2024-10-18
3815,Customer_3815,Male,40,Jaipur,North,2021-10-20
3816,Customer_3816,Female,33,Delhi,South,2021-05-21
3817,Customer_3817,Male,18,Chennai,North,2023-12-23
3818,Customer_3818,Female,29,Chennai,North,2024-02-28
3819,Customer_3819,Male,41,Kolkata,East,2021-01-18
3820,Customer_3820,Male,51,Kolkata,East,2024-06-03
3821,Customer_3821,Male,25,Chennai,West,2024-08-24
3822,Customer_3822,Female,35,Delhi,South,2021-12-03
3823,Customer_3823,Female,22,Pune,South,2023-06-21
3824,Customer_3824,Male,43,Lucknow,North,2022-12-21
3825,Customer_3825,Male,47,Delhi,East,2025-01-19
3826,Customer_3826,Female,30,Delhi,East,2022-03-13
3827,Customer_3827,Female,36,Delhi,South,2024-07-10
3828,Customer_3828,Male,46,Pune,West,2021-11-07
3829,Customer_3829,Male,20,Bangalore,East,2023-04-24
3830,Customer_3830,Female,43,Bangalore,West,2024-06-15
3831,Customer_3831,Female,57,Delhi,South,2024-11-07
3832,Customer_3832,Female,29,Lucknow,South,2023-06-26
3833,Customer_3833,Female,19,Jaipur,West,2022-03-21
3834,Customer_3834,Female,28,Mumbai,East,2021-06-27
3835,Customer_3835,Male,61,Bangalore,South,2021-07-25
3836,Customer_3836,Female,45,Ahmedabad,North,2021-10-14
3837,Customer_3837,Male,35,Kolkata,South,2021-09-10
3838,Customer_3838,Female,30,Pune,East,2024-04-22
3839,Customer_3839,Male,54,Pune,North,2025-02-04
3840,Customer_3840,Female,39,Mumbai,South,2023-02-26
3841,Customer_3841,Female,29,Bangalore,East,2022-12-21
3842,Customer_3842,Male,19,Lucknow,East,2023-05-30
3843,Customer_3843,Male,54,Lucknow,South,2022-10-07
3844,Customer_3844,Female,24,Kolkata,East,2021-10-14
3845,Customer_3845,Female,43,Delhi,West,2022-05-23
3846,Customer_3846,Female,43,Jaipur,North,2022-07-22
3847,Customer_3847,Female,41,Bangalore,West,2024-08-13
3848,Customer_3848,Female,29,Lucknow,South,2021-06-22
3849,Customer_3849,Male,33,Mumbai,West,2022-05-24
3850,Customer_3850,Male,40,Kolkata,South,2024-02-08
3851,Customer_3851,Female,57,Chennai,South,2024-05-15
3852,Customer_3852,Male,26,Kolkata,East,2024-05-13
3853,Customer_3853,Male,49,Lucknow,East,2025-01-16
3854,Customer_3854,Male,32,Chennai,South,2024-05-29
3855,Customer_3855,Female,54,Ahmedabad,North,2022-08-07
3856,Customer_3856,Male,30,Hyderabad,North,2024-11-15
3857,Customer_3857,Female,22,Kolkata,North,2021-02-24
3858,Customer_3858,Male,28,Mumbai,West,2024-09-10
3859,Customer_3859,Female,27,Mumbai,South,2022-09-10
3860,Customer_3860,Male,30,Jaipur,East,2022-02-25
3861,Customer_3861,Female,58,Delhi,West,2023-11-27
3862,Customer_3862,Female,63,Kolkata,West,2024-05-27
3863,Customer_3863,Male,32,Lucknow,East,2023-11-10
3864,Customer_3864,Female,59,Hyderabad,South,2022-01-22
3865,Customer_3865,Female,24,Bangalore,West,2023-03-14
3866,Customer_3866,Female,57,Lucknow,South,2022-08-29
3867,Customer_3867,Female,45,Mumbai,South,2024-08-16
3868,Customer_3868,Female,49,Ahmedabad,South,2021-04-22
3869,Customer_3869,Female,52,Lucknow,East,2022-05-06
3870,Customer_3870,Female,32,Pune,South,2023-10-11
3871,Customer_3871,Female,53,Mumbai,West,2023-03-02
3872,Customer_3872,Male,38,Kolkata,East,2021-08-19
3873,Customer_3873,Male,23,Ahmedabad,East,2022-05-09
3874,Customer_3874,Female,18,Pune,West,2023-10-21
3875,Customer_3875,Female,21,Chennai,East,2024-07-30
3876,Customer_3876,Male,28,Hyderabad,West,2024-05-01
3877,Customer_3877,Male,61,Mumbai,North,2021-05-26
3878,Customer_3878,Male,43,Kolkata,West,2023-12-18
3879,Customer_3879,Female,54,Pune,East,2021-01-25
3880,Customer_3880,Male,40,Pune,West,2023-01-10
3881,Customer_3881,Female,46,Delhi,North,2022-10-11
3882,Customer_3882,Female,38,Pune,South,2021-09-28
3883,Customer_3883,Male,62,Hyderabad,South,2023-03-04
3884,Customer_3884,Female,62,Ahmedabad,South,2024-03-10
3885,Customer_3885,Female,44,Ahmedabad,East,2023-05-12
3886,Customer_3886,Female,56,Pune,North,2023-01-19
3887,Customer_3887,Female,57,Kolkata,West,2024-01-24
3888,Customer_3888,Male,30,Mumbai,West,2024-10-30
3889,Customer_3889,Male,40,Kolkata,West,2021-12-20
3890,Customer_3890,Female,33,Jaipur,West,2023-08-23
3891,Customer_3891,Female,47,Mumbai,East,2021-05-30
3892,Customer_3892,Male,21,Chennai,East,2021-02-04
3893,Customer_3893,Female,57,Hyderabad,North,2024-04-17
3894,Customer_3894,Male,33,Kolkata,West,2021-05-19
3895,Customer_3895,Female,48,Delhi,South,2021-01-29
3896,Customer_3896,Female,59,Ahmedabad,East,2022-06-21
3897,Customer_3897,Male,42,Pune,North,2022-03-18
3898,Customer_3898,Male,61,Mumbai,North,2021-03-23
3899,Customer_3899,Male,29,Pune,East,2021-05-04
3900,Customer_3900,Male,43,Chennai,South,2023-03-27
3901,Customer_3901,Female,54,Jaipur,South,2023-11-04
3902,Customer_3902,Male,50,Pune,West,2022-08-10
3903,Customer_3903,Female,45,Kolkata,East,2024-07-11
3904,Customer_3904,Male,26,Mumbai,South,2024-12-30
3905,Customer_3905,Male,29,Delhi,East,2023-10-24
3906,Customer_3906,Female,22,Chennai,North,2023-05-01
3907,Customer_3907,Male,45,Lucknow,North,2023-05-18
3908,Customer_3908,Male,52,Hyderabad,North,2024-12-08
3909,Customer_3909,Male,22,Jaipur,East,2023-04-04
3910,Customer_3910,Male,51,Kolkata,West,2021-06-18
3911,Customer_3911,Female,63,Hyderabad,West,2024-08-04
3912,Customer_3912,Female,51,Delhi,South,2024-01-04
3913,Customer_3913,Male,30,Hyderabad,East,2024-01-07
3914,Customer_3914,Male,56,Ahmedabad,West,2024-06-15
3915,Customer_3915,Male,59,Mumbai,East,2021-11-09
3916,Customer_3916,Female,62,Hyderabad,West,2022-07-23
3917,Customer_3917,Female,31,Kolkata,North,2021-06-21
3918,Customer_3918,Female,28,Lucknow,North,2022-09-27
3919,Customer_3919,Female,59,Ahmedabad,South,2021-06-11
3920,Customer_3920,Male,55,Ahmedabad,North,2023-11-14
3921,Customer_3921,Male,21,Hyderabad,West,2022-02-21
3922,Customer_3922,Male,50,Jaipur,South,2021-11-15
3923,Customer_3923,Female,24,Bangalore,South,2024-01-04
3924,Customer_3924,Male,58,Jaipur,North,2022-11-01
3925,Customer_3925,Female,25,Pune,East,2023-03-12
3926,Customer_3926,Female,54,Kolkata,North,2024-04-16
3927,Customer_3927,Male,27,Bangalore,North,2024-07-23
3928,Customer_3928,Male,60,Mumbai,South,2024-08-23
3929,Customer_3929,Male,32,Ahmedabad,North,2024-10-26
3930,Customer_3930,Female,55,Kolkata,West,2024-08-10
3931,Customer_3931,Female,32,Delhi,South,2021-05-16
3932,Customer_3932,Male,22,Pune,North,2022-09-28
3933,Customer_3933,Male,46,Lucknow,East,2024-12-01
3934,Customer_3934,Female,36,Pune,West,2023-06-15
3935,Customer_3935,Male,27,Kolkata,East,2025-02-03
3936,Customer_3936,Female,29,Mumbai,West,2022-05-04
3937,Customer_3937,Female,21,Ahmedabad,East,2021-04-29
3938,Customer_3938,Male,48,Chennai,North,2022-05-16
3939,Customer_3939,Male,35,Chennai,West,2021-06-26
3940,Customer_3940,Male,33,Kolkata,South,2023-06-09
3941,Customer_3941,Male,57,Hyderabad,South,2021-08-26
3942,Customer_3942,Female,53,Jaipur,East,2023-07-18
3943,Customer_3943,Female,42,Pune,East,2024-06-07
3944,Customer_3944,Female,40,Mumbai,East,2024-05-31
3945,Customer_3945,Male,29,Pune,West,2021-04-23
3946,Customer_3946,Female,51,Delhi,South,2022-09-26
3947,Customer_3947,Male,53,Chennai,North,2024-09-26
3948,Customer_3948,Male,54,Ahmedabad,West,2024-09-09
3949,Customer_3949,Male,20,Delhi,East,2021-12-26
3950,Customer_3950,Male,26,Ahmedabad,South,2021-09-02
3951,Customer_3951,Male,35,Pune,East,2021-01-26
3952,Customer_3952,Male,60,Mumbai,North,2024-12-20
3953,Customer_3953,Female,52,Chennai,North,2021-10-09
3954,Customer_3954,Male,51,Pune,South,2024-12-07
3955,Customer_3955,Female,58,Chennai,West,2021-01-24
3956,Customer_3956,Female,31,Kolkata,North,2021-12-02
3957,Customer_3957,Male,21,Lucknow,North,2023-10-14
3958,Customer_3958,Male,46,Lucknow,North,2022-12-12
3959,Customer_3959,Male,58,Ahmedabad,North,2023-12-08
3960,Customer_3960,Female,62,Pune,East,2023-11-26
3961,Customer_3961,Male,32,Bangalore,East,2025-01-16
3962,Customer_3962,Female,45,Chennai,West,2022-06-15
3963,Customer_3963,Male,59,Chennai,South,2021-12-08
3964,Customer_3964,Male,33,Bangalore,South,2023-02-01
3965,Customer_3965,Female,29,Hyderabad,South,2021-09-17
3966,Customer_3966,Female,22,Pune,North,2022-07-05
3967,Customer_3967,Male,51,Bangalore,East,2021-08-30
3968,Customer_3968,Female,59,Lucknow,East,2021-03-02
3969,Customer_3969,Female,18,Chennai,West,2022-11-18
3970,Customer_3970,Female,56,Lucknow,South,2023-05-30
3971,Customer_3971,Female,49,Pune,East,2022-07-12
3972,Customer_3972,Female,43,Mumbai,West,2023-12-09
3973,Customer_3973,Male,34,Mumbai,South,2021-05-11
3974,Customer_3974,Male,44,Ahmedabad,North,2022-06-23
3975,Customer_3975,Female,41,Lucknow,East,2024-12-29
3976,Customer_3976,Male,52,Lucknow,East,2024-03-26
3977,Customer_3977,Male,63,Lucknow,South,2024-07-09
3978,Customer_3978,Female,59,Hyderabad,North,2021-06-07
3979,Customer_3979,Male,56,Lucknow,North,2023-10-14
3980,Customer_3980,Female,43,Mumbai,East,2023-07-22
3981,Customer_3981,Female,55,Hyderabad,South,2023-11-13
3982,Customer_3982,Male,40,Ahmedabad,West,2023-01-08
3983,Customer_3983,Female,39,Kolkata,East,2021-04-24
3984,Customer_3984,Female,21,Delhi,North,2023-10-21
3985,Customer_3985,Female,26,Ahmedabad,West,2024-03-06
3986,Customer_3986,Female,21,Jaipur,South,2021-12-08
3987,Customer_3987,Female,24,Hyderabad,North,2023-01-24
3988,Customer_3988,Male,40,Mumbai,West,2021-11-19
3989,Customer_3989,Male,19,Mumbai,East,2022-06-07
3990,Customer_3990,Female,41,Pune,North,2021-07-30
3991,Customer_3991,Female,57,Chennai,South,2024-03-21
3992,Customer_3992,Male,48,Lucknow,North,2024-10-12
3993,Customer_3993,Female,64,Mumbai,East,2025-01-20
3994,Customer_3994,Male,48,Lucknow,South,2021-08-25
3995,Customer_3995,Female,64,Bangalore,East,2022-04-13
3996,Customer_3996,Female,57,Chennai,West,2023-11-09
3997,Customer_3997,Female,60,Bangalore,North,2021-01-06
3998,Customer_3998,Female,51,Lucknow,East,2021-04-01
3999,Customer_3999,Female,41,Hyderabad,West,2021-01-26
4000,Customer_4000,Female,43,Jaipur,South,2022-05-16
4001,Customer_4001,Female,33,Chennai,South,2021-04-05
4002,Customer_4002,Male,64,Hyderabad,West,2023-08-25
4003,Customer_4003,Male,30,Mumbai,West,2023-01-16
4004,Customer_4004,Male,32,Jaipur,South,2023-02-24
4005,Customer_4005,Female,44,Kolkata,East,2021-11-04
4006,Customer_4006,Female,21,Mumbai,West,2022-01-02
4007,Customer_4007,Female,33,Delhi,East,2021-03-14
4008,Customer_4008,Female,47,Ahmedabad,South,2024-02-07
4009,Customer_4009,Female,61,Chennai,East,2025-01-02
4010,Customer_4010,Female,47,Delhi,East,2024-09-04
4011,Customer_4011,Female,53,Lucknow,West,2023-05-09
4012,Customer_4012,Male,20,Chennai,East,2022-04-05
4013,Customer_4013,Female,39,Ahmedabad,East,2022-10-22
4014,Customer_4014,Male,39,Chennai,East,2022-05-24
4015,Customer_4015,Male,29,Hyderabad,South,2023-05-03
4016,Customer_4016,Female,38,Bangalore,South,2025-01-15
4017,Customer_4017,Female,21,Pune,North,2022-10-18
4018,Customer_4018,Male,48,Hyderabad,South,2022-07-10
4019,Customer_4019,Male,61,Ahmedabad,South,2021-06-09
4020,Customer_4020,Female,48,Chennai,North,2024-03-16
4021,Customer_4021,Female,40,Hyderabad,North,2023-02-03
4022,Customer_4022,Male,37,Bangalore,West,2021-09-02
4023,Customer_4023,Female,32,Delhi,West,2023-10-26
4024,Customer_4024,Female,40,Hyderabad,South,2024-10-10
4025,Customer_4025,Female,45,Lucknow,East,2021-04-18
4026,Customer_4026,Male,33,Delhi,West,2022-01-03
4027,Customer_4027,Male,54,Ahmedabad,West,2022-04-03
4028,Customer_4028,Male,38,Delhi,South,2023-11-23
4029,Customer_4029,Female,32,Chennai,East,2021-04-05
4030,Customer_4030,Female,34,Jaipur,North,2023-04-02
4031,Customer_4031,Male,54,Jaipur,North,2021-05-22
4032,Customer_4032,Male,30,Kolkata,South,2023-08-11
4033,Customer_4033,Male,36,Lucknow,South,2022-08-02
4034,Customer_4034,Female,47,Chennai,East,2022-09-29
4035,Customer_4035,Male,62,Ahmedabad,South,2022-11-02
4036,Customer_4036,Male,35,Mumbai,South,2021-06-26
4037,Customer_4037,Female,31,Jaipur,South,2024-02-07
4038,Customer_4038,Female,53,Ahmedabad,East,2023-07-25
4039,Customer_4039,Female,53,Delhi,South,2021-01-17
4040,Customer_4040,Male,37,Hyderabad,West,2023-01-26
4041,Customer_4041,Female,36,Jaipur,East,2022-02-15
4042,Customer_4042,Female,62,Chennai,West,2022-08-21
4043,Customer_4043,Male,61,Jaipur,East,2024-02-29
4044,Customer_4044,Female,24,Bangalore,West,2022-09-15
4045,Customer_4045,Male,61,Bangalore,East,2024-06-29
4046,Customer_4046,Male,21,Bangalore,North,2022-05-12
4047,Customer_4047,Female,51,Lucknow,South,2023-08-09
4048,Customer_4048,Female,19,Jaipur,South,2023-01-25
4049,Customer_4049,Female,22,Kolkata,East,2024-04-26
4050,Customer_4050,Female,27,Ahmedabad,West,2023-10-08
4051,Customer_4051,Female,49,Bangalore,North,2022-02-05
4052,Customer_4052,Female,59,Delhi,West,2025-02-09
4053,Customer_4053,Male,58,Chennai,South,2024-01-25
4054,Customer_4054,Male,30,Lucknow,South,2022-05-18
4055,Customer_4055,Female,56,Pune,West,2021-11-05
4056,Customer_4056,Male,22,Bangalore,East,2021-01-14
4057,Customer_4057,Female,27,Ahmedabad,East,2023-04-20
4058,Customer_4058,Male,27,Delhi,West,2021-02-18
4059,Customer_4059,Male,55,Chennai,South,2022-04-23
4060,Customer_4060,Male,44,Hyderabad,West,2024-01-15
4061,Customer_4061,Female,38,Mumbai,South,2022-12-11
4062,Customer_4062,Male,25,Delhi,West,2024-07-26
4063,Customer_4063,Female,18,Kolkata,East,2024-11-21
4064,Customer_4064,Male,45,Delhi,North,2021-01-20
4065,Customer_4065,Male,56,Delhi,South,2022-11-18
4066,Customer_4066,Male,31,Kolkata,North,2021-01-03
4067,Customer_4067,Male,38,Hyderabad,East,2024-09-08
4068,Customer_4068,Male,47,Lucknow,West,2023-02-10
4069,Customer_4069,Female,38,Jaipur,East,2025-01-29
4070,Customer_4070,Female,26,Chennai,North,2022-09-22
4071,Customer_4071,Male,34,Delhi,East,2021-08-01
4072,Customer_4072,Male,22,Delhi,East,2022-02-25
4073,Customer_4073,Male,48,Kolkata,West,2023-12-22
4074,Customer_4074,Male,57,Ahmedabad,North,2022-05-03
4075,Customer_4075,Female,55,Delhi,North,2023-05-10
4076,Customer_4076,Male,60,Delhi,North,2023-10-05
4077,Customer_4077,Female,36,Kolkata,South,2021-05-03
4078,Customer_4078,Male,53,Ahmedabad,East,2021-10-19
4079,Customer_4079,Female,50,Kolkata,North,2024-12-28
4080,Customer_4080,Male,30,Lucknow,East,2022-07-28
4081,Customer_4081,Male,31,Delhi,West,2021-07-10
4082,Customer_4082,Female,50,Bangalore,West,2021-03-31
4083,Customer_4083,Male,46,Chennai,South,2022-04-20
4084,Customer_4084,Male,60,Ahmedabad,South,2023-12-01
4085,Customer_4085,Male,53,Bangalore,West,2023-04-26
4086,Customer_4086,Female,61,Kolkata,North,2024-12-06
4087,Customer_4087,Male,27,Delhi,West,2023-02-02
4088,Customer_4088,Male,48,Kolkata,East,2023-07-28
4089,Customer_4089,Female,23,Jaipur,South,2021-06-23
4090,Customer_4090,Female,18,Jaipur,South,2024-04-04
4091,Customer_4091,Female,24,Lucknow,West,2021-07-15
4092,Customer_4092,Male,44,Delhi,North,2023-11-02
4093,Customer_4093,Male,38,Delhi,North,2021-10-01
4094,Customer_4094,Male,45,Bangalore,East,2024-07-29
4095,Customer_4095,Female,33,Pune,South,2023-03-19
4096,Customer_4096,Male,63,Delhi,West,2021-06-03
4097,Customer_4097,Male,40,Lucknow,West,2024-04-27
4098,Customer_4098,Female,37,Ahmedabad,South,2024-03-08
4099,Customer_4099,Female,55,Ahmedabad,West,2021-05-08
4100,Customer_4100,Female,42,Kolkata,South,2023-06-10
4101,Customer_4101,Female,45,Bangalore,North,2024-09-18
4102,Customer_4102,Female,22,Hyderabad,North,2021-09-25
4103,Customer_4103,Male,38,Mumbai,West,2022-04-30
4104,Customer_4104,Female,35,Kolkata,North,2022-08-21
4105,Customer_4105,Male,64,Delhi,North,2022-06-19
4106,Customer_4106,Male,23,Kolkata,East,2022-10-08
4107,Customer_4107,Female,46,Hyderabad,South,2023-03-16
4108,Customer_4108,Female,36,Mumbai,South,2024-12-06
4109,Customer_4109,Female,50,Hyderabad,West,2022-10-31
4110,Customer_4110,Male,18,Hyderabad,South,2022-10-14
4111,Customer_4111,Female,62,Jaipur,East,2023-07-17
4112,Customer_4112,Female,20,Ahmedabad,West,2022-07-11
4113,Customer_4113,Female,59,Pune,West,2022-04-24
4114,Customer_4114,Female,38,Delhi,South,2021-06-02
4115,Customer_4115,Female,52,Lucknow,North,2022-02-20
4116,Customer_4116,Male,58,Bangalore,North,2021-10-06
4117,Customer_4117,Male,57,Kolkata,North,2024-04-12
4118,Customer_4118,Male,20,Delhi,North,2021-08-12
4119,Customer_4119,Female,42,Jaipur,East,2021-11-15
4120,Customer_4120,Female,62,Ahmedabad,West,2021-08-05
4121,Customer_4121,Female,55,Kolkata,North,2021-12-03
4122,Customer_4122,Male,62,Bangalore,East,2023-07-10
4123,Customer_4123,Female,37,Pune,West,2023-08-13
4124,Customer_4124,Female,61,Delhi,South,2022-10-06
4125,Customer_4125,Female,62,Lucknow,South,2023-04-13
4126,Customer_4126,Male,51,Ahmedabad,East,2021-09-05
4127,Customer_4127,Female,38,Chennai,West,2024-01-03
4128,Customer_4128,Male,40,Delhi,North,2023-01-04
4129,Customer_4129,Female,23,Hyderabad,West,2022-03-02
4130,Customer_4130,Male,30,Hyderabad,North,2023-07-15
4131,Customer_4131,Male,40,Lucknow,East,2022-09-24
4132,Customer_4132,Male,26,Mumbai,North,2023-08-07
4133,Customer_4133,Female,34,Lucknow,East,2022-06-27
4134,Customer_4134,Female,19,Ahmedabad,West,2021-09-03
4135,Customer_4135,Male,36,Hyderabad,West,2021-07-05
4136,Customer_4136,Male,36,Pune,North,2021-11-19
4137,Customer_4137,Female,24,Pune,West,2024-11-06
4138,Customer_4138,Female,59,Hyderabad,North,2022-09-16
4139,Customer_4139,Male,59,Ahmedabad,West,2024-12-14
4140,Customer_4140,Female,37,Jaipur,South,2024-11-28
4141,Customer_4141,Female,26,Bangalore,North,2024-05-20
4142,Customer_4142,Female,34,Bangalore,East,2021-03-24
4143,Customer_4143,Female,44,Ahmedabad,South,2022-03-17
4144,Customer_4144,Male,64,Chennai,East,2022-11-03
4145,Customer_4145,Female,19,Bangalore,West,2021-10-31
4146,Customer_4146,Female,53,Kolkata,South,2021-07-06
4147,Customer_4147,Male,36,Bangalore,West,2024-12-27
4148,Customer_4148,Male,34,Kolkata,North,2022-05-24
4149,Customer_4149,Female,22,Hyderabad,East,2022-12-30
4150,Customer_4150,Female,56,Jaipur,West,2023-03-23
4151,Customer_4151,Female,35,Lucknow,East,2023-11-18
4152,Customer_4152,Female,24,Jaipur,East,2021-04-11
4153,Customer_4153,Male,34,Bangalore,West,2024-10-18
4154,Customer_4154,Male,56,Bangalore,North,2022-09-05
4155,Customer_4155,Male,53,Ahmedabad,East,2022-06-17
4156,Customer_4156,Female,57,Lucknow,West,2021-12-23
4157,Customer_4157,Female,62,Bangalore,North,2021-03-05
4158,Customer_4158,Female,21,Mumbai,West,2023-04-09
4159,Customer_4159,Female,55,Mumbai,North,2023-07-16
4160,Customer_4160,Male,42,Chennai,East,2024-02-13
4161,Customer_4161,Male,22,Hyderabad,South,2024-02-01
4162,Customer_4162,Female,47,Kolkata,West,2022-05-27
4163,Customer_4163,Male,29,Jaipur,East,2021-07-13
4164,Customer_4164,Female,21,Hyderabad,West,2023-08-05
4165,Customer_4165,Female,41,Kolkata,West,2021-07-28
4166,Customer_4166,Male,46,Kolkata,North,2021-10-14
4167,Customer_4167,Female,26,Delhi,West,2021-09-06
4168,Customer_4168,Female,21,Bangalore,North,2021-01-25
4169,Customer_4169,Male,41,Chennai,East,2021-05-07
4170,Customer_4170,Female,31,Bangalore,West,2022-04-01
4171,Customer_4171,Female,22,Chennai,East,2021-09-25
4172,Customer_4172,Male,35,Hyderabad,South,2022-02-10
4173,Customer_4173,Female,59,Ahmedabad,East,2023-04-01
4174,Customer_4174,Male,36,Ahmedabad,West,2023-02-02
4175,Customer_4175,Female,29,Hyderabad,South,2024-11-06
4176,Customer_4176,Male,35,Lucknow,North,2024-07-14
4177,Customer_4177,Male,34,Mumbai,South,2024-08-13
4178,Customer_4178,Male,47,Kolkata,West,2021-06-22
4179,Customer_4179,Female,41,Chennai,West,2024-04-07
4180,Customer_4180,Male,28,Pune,East,2024-04-15
4181,Customer_4181,Male,52,Bangalore,North,2022-06-15
4182,Customer_4182,Male,40,Hyderabad,West,2021-06-03
4183,Customer_4183,Male,34,Kolkata,West,2021-02-14
4184,Customer_4184,Male,18,Chennai,North,2021-05-13
4185,Customer_4185,Female,32,Jaipur,North,2022-02-09
4186,Customer_4186,Female,49,Lucknow,East,2024-08-15
4187,Customer_4187,Female,26,Bangalore,South,2023-06-28
4188,Customer_4188,Female,32,Ahmedabad,North,2021-09-21
4189,Customer_4189,Female,45,Hyderabad,West,2021-07-08
4190,Customer_4190,Female,41,Ahmedabad,North,2022-11-11
4191,Customer_4191,Female,52,Chennai,West,2021-09-08
4192,Customer_4192,Male,39,Ahmedabad,East,2021-03-29
4193,Customer_4193,Female,44,Bangalore,South,2023-08-03
4194,Customer_4194,Male,36,Mumbai,East,2021-04-14
4195,Customer_4195,Male,62,Kolkata,North,2021-12-11
4196,Customer_4196,Female,29,Mumbai,West,2024-03-21
4197,Customer_4197,Male,37,Hyderabad,North,2023-06-07
4198,Customer_4198,Male,18,Mumbai,North,2025-01-23
4199,Customer_4199,Male,38,Delhi,North,2023-03-20
4200,Customer_4200,Male,62,Kolkata,North,2023-10-14
4201,Customer_4201,Female,18,Chennai,South,2021-03-02
4202,Customer_4202,Female,27,Kolkata,West,2023-02-23
4203,Customer_4203,Female,64,Delhi,North,2024-10-31
4204,Customer_4204,Female,49,Pune,West,2023-05-24
4205,Customer_4205,Female,56,Mumbai,South,2021-12-20
4206,Customer_4206,Female,39,Kolkata,West,2022-12-26
4207,Customer_4207,Female,35,Ahmedabad,West,2022-03-16
4208,Customer_4208,Female,63,Chennai,South,2022-01-19
4209,Customer_4209,Female,49,Jaipur,North,2022-07-18
4210,Customer_4210,Female,44,Hyderabad,West,2022-07-28
4211,Customer_4211,Male,45,Hyderabad,East,2023-07-03
4212,Customer_4212,Female,35,Hyderabad,West,2021-11-01
4213,Customer_4213,Male,56,Kolkata,North,2021-03-12
4214,Customer_4214,Male,46,Mumbai,East,2024-06-11
4215,Customer_4215,Male,35,Kolkata,North,2024-06-22
4216,Customer_4216,Male,61,Bangalore,West,2024-06-17
4217,Customer_4217,Female,25,Ahmedabad,South,2022-05-19
4218,Customer_4218,Male,48,Jaipur,North,2024-08-18
4219,Customer_4219,Female,51,Jaipur,North,2022-08-28
4220,Customer_4220,Female,24,Ahmedabad,South,2023-10-19
4221,Customer_4221,Male,53,Delhi,West,2023-04-24
4222,Customer_4222,Female,35,Lucknow,North,2024-02-02
4223,Customer_4223,Male,55,Bangalore,West,2023-09-09
4224,Customer_4224,Male,26,Chennai,West,2021-05-05
4225,Customer_4225,Female,26,Jaipur,West,2021-06-29
4226,Customer_4226,Female,63,Hyderabad,South,2022-07-27
4227,Customer_4227,Male,25,Kolkata,West,2023-02-24
4228,Customer_4228,Female,52,Delhi,West,2021-10-09
4229,Customer_4229,Female,35,Lucknow,East,2023-05-09
4230,Customer_4230,Female,22,Ahmedabad,East,2022-02-13
4231,Customer_4231,Male,31,Pune,East,2024-08-09
4232,Customer_4232,Male,45,Chennai,North,2023-12-13
4233,Customer_4233,Female,47,Lucknow,North,2022-05-26
4234,Customer_4234,Female,21,Hyderabad,East,2024-07-15
4235,Customer_4235,Female,56,Lucknow,South,2024-01-19
4236,Customer_4236,Female,37,Jaipur,South,2021-02-09
4237,Customer_4237,Female,42,Kolkata,East,2023-02-23
4238,Customer_4238,Male,45,Ahmedabad,North,2024-12-31
4239,Customer_4239,Female,29,Lucknow,North,2023-01-06
4240,Customer_4240,Male,19,Chennai,South,2023-09-10
4241,Customer_4241,Female,60,Lucknow,West,2024-01-21
4242,Customer_4242,Male,31,Pune,South,2023-09-20
4243,Customer_4243,Female,39,Delhi,West,2022-12-06
4244,Customer_4244,Male,48,Jaipur,North,2024-03-04
4245,Customer_4245,Female,40,Kolkata,North,2023-10-26
4246,Customer_4246,Male,37,Hyderabad,East,2022-10-21
4247,Customer_4247,Male,55,Ahmedabad,North,2023-03-07
4248,Customer_4248,Male,21,Ahmedabad,West,2022-07-08
4249,Customer_4249,Male,32,Delhi,South,2022-01-04
4250,Customer_4250,Male,41,Mumbai,East,2021-02-23
4251,Customer_4251,Male,42,Mumbai,West,2022-10-16
4252,Customer_4252,Female,18,Hyderabad,South,2024-05-07
4253,Customer_4253,Male,24,Lucknow,South,2022-03-25
4254,Customer_4254,Female,48,Pune,South,2021-03-02
4255,Customer_4255,Female,29,Ahmedabad,North,2022-07-30
4256,Customer_4256,Female,59,Lucknow,South,2021-04-30
4257,Customer_4257,Female,22,Ahmedabad,North,2023-08-25
4258,Customer_4258,Female,61,Ahmedabad,South,2023-12-21
4259,Customer_4259,Male,59,Lucknow,South,2023-01-03
4260,Customer_4260,Male,55,Delhi,North,2024-04-11
4261,Customer_4261,Male,29,Mumbai,North,2022-04-22
4262,Customer_4262,Female,56,Bangalore,West,2021-11-23
4263,Customer_4263,Male,35,Chennai,South,2021-07-25
4264,Customer_4264,Male,19,Delhi,North,2022-05-23
4265,Customer_4265,Male,27,Jaipur,West,2024-09-07
4266,Customer_4266,Male,32,Pune,West,2022-05-09
4267,Customer_4267,Male,47,Pune,North,2022-06-30
4268,Customer_4268,Female,61,Chennai,South,2023-12-29
4269,Customer_4269,Male,34,Pune,West,2021-04-25
4270,Customer_4270,Female,21,Lucknow,South,2022-03-26
4271,Customer_4271,Female,24,Pune,South,2024-03-25
4272,Customer_4272,Female,58,Bangalore,West,2023-03-07
4273,Customer_4273,Female,48,Pune,North,2022-12-28
4274,Customer_4274,Female,56,Ahmedabad,South,2021-12-22
4275,Customer_4275,Male,51,Delhi,East,2021-12-27
4276,Customer_4276,Male,23,Lucknow,North,2022-04-30
4277,Customer_4277,Male,55,Mumbai,West,2024-04-28
4278,Customer_4278,Female,62,Pune,East,2022-10-14
4279,Customer_4279,Male,51,Hyderabad,South,2024-11-29
4280,Customer_4280,Male,61,Hyderabad,North,2023-01-05
4281,Customer_4281,Female,32,Hyderabad,East,2024-04-26
4282,Customer_4282,Female,31,Pune,North,2021-02-27
4283,Customer_4283,Female,23,Jaipur,South,2024-12-11
4284,Customer_4284,Female,54,Ahmedabad,North,2024-12-05
4285,Customer_4285,Male,49,Kolkata,East,2022-12-22
4286,Customer_4286,Female,20,Pune,North,2024-03-08
4287,Customer_4287,Female,20,Jaipur,West,2024-02-29
4288,Customer_4288,Male,39,Kolkata,West,2021-10-19
4289,Customer_4289,Male,39,Chennai,East,2024-02-28
4290,Customer_4290,Female,27,Bangalore,North,2022-01-21
4291,Customer_4291,Male,20,Ahmedabad,East,2023-10-06
4292,Customer_4292,Female,29,Pune,North,2024-01-16
4293,Customer_4293,Female,46,Delhi,South,2022-09-25
4294,Customer_4294,Male,34,Lucknow,West,2021-12-26
4295,Customer_4295,Male,24,Delhi,South,2023-10-02
4296,Customer_4296,Female,30,Delhi,North,2021-03-19
4297,Customer_4297,Female,19,Chennai,South,2021-07-04
4298,Customer_4298,Female,21,Lucknow,East,2021-04-26
4299,Customer_4299,Male,27,Chennai,East,2022-04-22
4300,Customer_4300,Female,56,Kolkata,North,2024-05-17
4301,Customer_4301,Female,41,Chennai,West,2022-03-25
4302,Customer_4302,Female,34,Hyderabad,East,2021-02-10
4303,Customer_4303,Female,23,Bangalore,West,2023-12-15
4304,Customer_4304,Female,36,Hyderabad,North,2023-09-06
4305,Customer_4305,Male,22,Pune,West,2021-01-02
4306,Customer_4306,Female,49,Kolkata,North,2022-11-11
4307,Customer_4307,Female,27,Jaipur,South,2024-06-11
4308,Customer_4308,Female,26,Kolkata,North,2022-02-17
4309,Customer_4309,Female,44,Jaipur,South,2021-09-25
4310,Customer_4310,Male,30,Bangalore,North,2022-11-29
4311,Customer_4311,Male,36,Chennai,East,2025-01-08
4312,Customer_4312,Male,38,Chennai,East,2021-12-30
4313,Customer_4313,Female,41,Lucknow,West,2022-10-25
4314,Customer_4314,Female,55,Pune,North,2021-05-02
4315,Customer_4315,Male,21,Delhi,North,2021-02-14
4316,Customer_4316,Male,41,Mumbai,North,2021-10-30
4317,Customer_4317,Male,52,Kolkata,West,2024-04-16
4318,Customer_4318,Female,20,Kolkata,East,2024-12-14
4319,Customer_4319,Female,21,Pune,North,2021-10-18
4320,Customer_4320,Male,54,Hyderabad,West,2021-08-16
4321,Customer_4321,Male,57,Ahmedabad,North,2023-12-14
4322,Customer_4322,Male,52,Pune,South,2023-01-18
4323,Customer_4323,Female,48,Mumbai,North,2021-05-29
4324,Customer_4324,Female,61,Chennai,South,2023-02-05
4325,Customer_4325,Female,42,Jaipur,West,2024-12-13
4326,Customer_4326,Male,57,Hyderabad,West,2024-09-18
4327,Customer_4327,Male,30,Hyderabad,East,2023-03-22
4328,Customer_4328,Female,21,Lucknow,North,2024-04-15
4329,Customer_4329,Male,63,Bangalore,West,2021-07-26
4330,Customer_4330,Female,31,Mumbai,East,2022-11-21
4331,Customer_4331,Male,30,Hyderabad,North,2022-09-11
4332,Customer_4332,Male,44,Mumbai,West,2022-10-23
4333,Customer_4333,Male,23,Pune,South,2021-10-07
4334,Customer_4334,Male,34,Jaipur,West,2021-11-19
4335,Customer_4335,Female,53,Jaipur,South,2025-02-08
4336,Customer_4336,Male,57,Kolkata,East,2023-06-14
4337,Customer_4337,Female,52,Chennai,East,2024-08-02
4338,Customer_4338,Female,34,Kolkata,North,2023-09-25
4339,Customer_4339,Female,58,Hyderabad,North,2024-08-22
4340,Customer_4340,Male,19,Bangalore,North,2022-10-12
4341,Customer_4341,Female,30,Kolkata,East,2021-12-23
4342,Customer_4342,Female,19,Kolkata,South,2024-12-19
4343,Customer_4343,Female,45,Kolkata,North,2024-02-25
4344,Customer_4344,Male,60,Mumbai,North,2024-11-21
4345,Customer_4345,Male,43,Pune,East,2024-06-10
4346,Customer_4346,Female,39,Bangalore,South,2023-01-01
4347,Customer_4347,Male,64,Jaipur,West,2022-04-03
4348,Customer_4348,Female,60,Lucknow,North,2024-09-25
4349,Customer_4349,Female,20,Mumbai,West,2024-04-21
4350,Customer_4350,Male,52,Hyderabad,West,2021-12-26
4351,Customer_4351,Female,29,Bangalore,North,2023-02-14
4352,Customer_4352,Male,41,Jaipur,East,2022-09-21
4353,Customer_4353,Male,22,Bangalore,North,2024-11-11
4354,Customer_4354,Female,37,Ahmedabad,South,2022-08-27
4355,Customer_4355,Male,56,Ahmedabad,South,2021-09-18
4356,Customer_4356,Male,56,Kolkata,North,2021-12-30
4357,Customer_4357,Female,30,Kolkata,West,2025-02-01
4358,Customer_4358,Female,58,Ahmedabad,South,2021-01-04
4359,Customer_4359,Male,62,Lucknow,South,2024-12-08
4360,Customer_4360,Male,29,Jaipur,North,2024-03-19
4361,Customer_4361,Female,30,Hyderabad,North,2023-03-13
4362,Customer_4362,Male,27,Chennai,East,2024-03-08
4363,Customer_4363,Male,50,Chennai,North,2021-03-08
4364,Customer_4364,Male,57,Mumbai,North,2022-01-08
4365,Customer_4365,Male,33,Lucknow,South,2024-05-18
4366,Customer_4366,Male,62,Lucknow,South,2022-10-14
4367,Customer_4367,Male,52,Hyderabad,South,2024-06-06
4368,Customer_4368,Male,20,Bangalore,West,2022-03-29
4369,Customer_4369,Female,22,Chennai,South,2024-08-02
4370,Customer_4370,Female,43,Bangalore,South,2024-03-04
4371,Customer_4371,Female,28,Bangalore,North,2021-08-02
4372,Customer_4372,Female,24,Lucknow,East,2023-10-14
4373,Customer_4373,Female,27,Bangalore,South,2021-10-16
4374,Customer_4374,Male,59,Chennai,East,2022-11-10
4375,Customer_4375,Male,51,Jaipur,South,2021-06-09
4376,Customer_4376,Male,20,Delhi,South,2022-05-03
4377,Customer_4377,Male,25,Bangalore,East,2022-12-12
4378,Customer_4378,Female,48,Hyderabad,North,2022-10-17
4379,Customer_4379,Male,28,Pune,South,2021-12-10
4380,Customer_4380,Male,62,Kolkata,East,2024-07-26
4381,Customer_4381,Female,24,Hyderabad,South,2021-07-01
4382,Customer_4382,Male,62,Ahmedabad,West,2024-12-22
4383,Customer_4383,Male,19,Chennai,West,2024-10-04
4384,Customer_4384,Female,23,Pune,West,2024-08-01
4385,Customer_4385,Male,58,Kolkata,West,2025-02-02
4386,Customer_4386,Male,49,Hyderabad,North,2022-11-19
4387,Customer_4387,Male,37,Pune,West,2023-07-04
4388,Customer_4388,Male,51,Delhi,East,2021-01-24
4389,Customer_4389,Male,33,Chennai,South,2022-06-28
4390,Customer_4390,Female,42,Jaipur,East,2022-03-06
4391,Customer_4391,Female,29,Mumbai,West,2022-05-27
4392,Customer_4392,Female,24,Lucknow,North,2024-11-20
4393,Customer_4393,Female,56,Delhi,West,2021-05-19
4394,Customer_4394,Female,34,Ahmedabad,West,2022-12-19
4395,Customer_4395,Female,62,Lucknow,North,2022-06-10
4396,Customer_4396,Male,28,Jaipur,North,2021-08-10
4397,Customer_4397,Female,23,Delhi,North,2025-01-15
4398,Customer_4398,Female,40,Kolkata,North,2021-01-03
4399,Customer_4399,Male,44,Pune,North,2021-04-09
4400,Customer_4400,Male,63,Chennai,North,2023-03-02
4401,Customer_4401,Female,23,Pune,South,2023-06-17
4402,Customer_4402,Male,55,Bangalore,West,2025-02-09
4403,Customer_4403,Female,19,Hyderabad,West,2023-05-10
4404,Customer_4404,Male,39,Ahmedabad,North,2021-12-07
4405,Customer_4405,Female,37,Bangalore,East,2023-04-28
4406,Customer_4406,Male,42,Bangalore,North,2023-10-07
4407,Customer_4407,Male,32,Ahmedabad,South,2023-02-15
4408,Customer_4408,Female,46,Hyderabad,East,2022-12-21
4409,Customer_4409,Female,25,Kolkata,South,2024-01-24
4410,Customer_4410,Female,54,Hyderabad,East,2023-02-08
4411,Customer_4411,Female,50,Chennai,East,2021-07-27
4412,Customer_4412,Female,39,Pune,North,2023-09-09
4413,Customer_4413,Male,64,Kolkata,South,2024-03-29
4414,Customer_4414,Female,22,Mumbai,East,2024-08-26
4415,Customer_4415,Female,56,Pune,South,2024-11-08
4416,Customer_4416,Male,35,Kolkata,North,2022-04-07
4417,Customer_4417,Male,55,Hyderabad,North,2021-11-30
4418,Customer_4418,Female,54,Ahmedabad,North,2023-07-14
4419,Customer_4419,Male,47,Hyderabad,North,2021-05-31
4420,Customer_4420,Male,48,Mumbai,West,2021-03-10
4421,Customer_4421,Female,27,Kolkata,East,2022-08-27
4422,Customer_4422,Male,32,Chennai,West,2021-02-11
4423,Customer_4423,Male,59,Hyderabad,North,2022-10-15
4424,Customer_4424,Female,61,Kolkata,East,2022-06-19
4425,Customer_4425,Female,35,Pune,East,2021-08-03
4426,Customer_4426,Male,40,Mumbai,South,2021-06-01
4427,Customer_4427,Male,50,Chennai,North,2022-12-02
4428,Customer_4428,Female,33,Kolkata,West,2021-12-15
4429,Customer_4429,Male,55,Delhi,South,2023-02-08
4430,Customer_4430,Male,52,Hyderabad,East,2021-11-26
4431,Customer_4431,Male,51,Mumbai,West,2025-02-08
4432,Customer_4432,Female,45,Chennai,North,2021-06-03
4433,Customer_4433,Male,19,Chennai,West,2024-01-26
4434,Customer_4434,Male,47,Bangalore,West,2021-07-10
4435,Customer_4435,Female,30,Lucknow,West,2022-11-24
4436,Customer_4436,Male,58,Mumbai,South,2024-05-01
4437,Customer_4437,Male,33,Chennai,East,2024-06-10
4438,Customer_4438,Female,22,Kolkata,West,2023-09-16
4439,Customer_4439,Female,45,Bangalore,East,2024-12-13
4440,Customer_4440,Female,56,Lucknow,South,2021-03-05
4441,Customer_4441,Female,62,Pune,North,2023-06-03
4442,Customer_4442,Male,37,Kolkata,North,2024-08-31
4443,Customer_4443,Male,41,Hyderabad,West,2021-12-04
4444,Customer_4444,Female,44,Lucknow,South,2024-05-28
4445,Customer_4445,Female,47,Mumbai,North,2023-06-09
4446,Customer_4446,Male,62,Hyderabad,South,2021-11-18
4447,Customer_4447,Female,44,Jaipur,South,2021-04-20
4448,Customer_4448,Male,43,Jaipur,West,2021-07-27
4449,Customer_4449,Female,24,Mumbai,West,2022-11-10
4450,Customer_4450,Male,59,Pune,South,2022-02-25
4451,Customer_4451,Female,64,Lucknow,South,2022-01-25
4452,Customer_4452,Female,55,Bangalore,West,2023-04-19
4453,Customer_4453,Male,22,Delhi,South,2024-11-28
4454,Customer_4454,Female,40,Chennai,West,2024-02-09
4455,Customer_4455,Male,45,Delhi,East,2025-01-18
4456,Customer_4456,Male,51,Jaipur,South,2025-02-03
4457,Customer_4457,Male,32,Jaipur,West,2024-01-12
4458,Customer_4458,Male,49,Pune,South,2022-06-28
4459,Customer_4459,Male,43,Delhi,West,2024-09-14
4460,Customer_4460,Female,48,Delhi,South,2022-07-31
4461,Customer_4461,Female,36,Bangalore,North,2022-09-02
4462,Customer_4462,Male,26,Pune,North,2022-05-02
4463,Customer_4463,Female,46,Pune,South,2021-07-16
4464,Customer_4464,Male,56,Mumbai,North,2021-04-12
4465,Customer_4465,Female,21,Hyderabad,South,2023-03-16
4466,Customer_4466,Female,20,Pune,South,2024-03-16
4467,Customer_4467,Female,46,Pune,East,2024-01-31
4468,Customer_4468,Female,28,Kolkata,East,2023-10-03
4469,Customer_4469,Male,50,Lucknow,North,2021-11-11
4470,Customer_4470,Male,55,Lucknow,East,2021-04-22
4471,Customer_4471,Female,28,Ahmedabad,East,2023-01-09
4472,Customer_4472,Female,44,Delhi,South,2021-01-08
4473,Customer_4473,Male,50,Chennai,West,2023-05-26
4474,Customer_4474,Female,38,Delhi,South,2021-06-29
4475,Customer_4475,Male,56,Mumbai,East,2022-08-27
4476,Customer_4476,Male,48,Mumbai,South,2024-09-17
4477,Customer_4477,Male,55,Mumbai,North,2024-07-04
4478,Customer_4478,Female,63,Hyderabad,West,2024-05-14
4479,Customer_4479,Male,19,Chennai,East,2023-09-11
4480,Customer_4480,Female,44,Lucknow,East,2022-02-13
4481,Customer_4481,Male,53,Bangalore,South,2021-07-18
4482,Customer_4482,Female,28,Lucknow,South,2021-02-22
4483,Customer_4483,Female,64,Hyderabad,South,2022-02-28
4484,Customer_4484,Female,35,Mumbai,South,2021-12-16
4485,Customer_4485,Male,18,Hyderabad,East,2024-07-31
4486,Customer_4486,Male,52,Lucknow,South,2022-08-21
4487,Customer_4487,Female,52,Bangalore,East,2021-06-17
4488,Customer_4488,Female,48,Ahmedabad,South,2023-08-28
4489,Customer_4489,Female,45,Chennai,West,2021-08-25
4490,Customer_4490,Male,56,Hyderabad,West,2022-09-24
4491,Customer_4491,Male,18,Lucknow,South,2023-03-26
4492,Customer_4492,Male,42,Chennai,South,2023-08-23
4493,Customer_4493,Male,60,Lucknow,North,2023-09-29
4494,Customer_4494,Female,55,Lucknow,West,2024-09-15
4495,Customer_4495,Female,37,Bangalore,East,2022-06-27
4496,Customer_4496,Male,20,Ahmedabad,West,2021-07-06
4497,Customer_4497,Male,19,Chennai,East,2024-08-07
4498,Customer_4498,Female,35,Mumbai,South,2024-01-20
4499,Customer_4499,Male,61,Chennai,West,2023-03-05
4500,Customer_4500,Male,27,Pune,West,2022-01-14
4501,Customer_4501,Male,22,Mumbai,North,2023-01-30
4502,Customer_4502,Male,26,Chennai,North,2023-02-21
4503,Customer_4503,Male,19,Kolkata,West,2023-01-27
4504,Customer_4504,Male,51,Kolkata,West,2022-01-18
4505,Customer_4505,Female,55,Lucknow,West,2023-07-02
4506,Customer_4506,Male,48,Mumbai,East,2021-04-02
4507,Customer_4507,Male,27,Chennai,South,2022-06-24
4508,Customer_4508,Female,29,Lucknow,North,2023-06-20
4509,Customer_4509,Female,53,Delhi,South,2023-08-11
4510,Customer_4510,Female,38,Lucknow,North,2022-06-24
4511,Customer_4511,Male,64,Hyderabad,North,2022-04-09
4512,Customer_4512,Female,23,Kolkata,North,2022-07-05
4513,Customer_4513,Male,20,Delhi,West,2024-03-01
4514,Customer_4514,Male,27,Jaipur,North,2021-05-07
4515,Customer_4515,Male,22,Hyderabad,South,2021-11-06
4516,Customer_4516,Female,63,Mumbai,North,2024-11-27
4517,Customer_4517,Female,43,Lucknow,South,2024-09-28
4518,Customer_4518,Female,38,Kolkata,North,2021-07-18
4519,Customer_4519,Female,62,Ahmedabad,North,2021-06-25
4520,Customer_4520,Female,43,Kolkata,West,2024-09-30
4521,Customer_4521,Male,55,Bangalore,South,2022-12-06
4522,Customer_4522,Male,61,Kolkata,North,2024-01-14
4523,Customer_4523,Male,43,Ahmedabad,North,2023-04-28
4524,Customer_4524,Male,25,Ahmedabad,South,2024-04-22
4525,Customer_4525,Female,22,Lucknow,North,2022-04-11
4526,Customer_4526,Female,32,Mumbai,East,2024-02-08
4527,Customer_4527,Male,33,Ahmedabad,West,2021-05-05
4528,Customer_4528,Female,18,Kolkata,South,2023-03-04
4529,Customer_4529,Female,33,Mumbai,West,2023-12-07
4530,Customer_4530,Male,54,Chennai,East,2023-05-08
4531,Customer_4531,Male,20,Kolkata,East,2024-01-02
4532,Customer_4532,Female,64,Pune,East,2024-11-08
4533,Customer_4533,Female,48,Lucknow,South,2023-08-31
4534,Customer_4534,Male,30,Hyderabad,East,2024-03-18
4535,Customer_4535,Male,33,Lucknow,South,2022-04-28
4536,Customer_4536,Male,60,Ahmedabad,South,2023-09-03
4537,Customer_4537,Female,38,Jaipur,North,2022-09-05
4538,Customer_4538,Male,19,Bangalore,South,2021-06-11
4539,Customer_4539,Male,44,Pune,East,2023-03-20
4540,Customer_4540,Female,55,Ahmedabad,South,2025-01-02
4541,Customer_4541,Female,43,Kolkata,South,2021-03-13
4542,Customer_4542,Female,55,Mumbai,West,2023-10-26
4543,Customer_4543,Female,63,Pune,East,2024-03-15
4544,Customer_4544,Female,42,Jaipur,South,2023-11-25
4545,Customer_4545,Male,28,Hyderabad,North,2024-03-16
4546,Customer_4546,Male,25,Mumbai,South,2024-10-19
4547,Customer_4547,Female,25,Bangalore,South,2024-06-24
4548,Customer_4548,Female,50,Delhi,West,2021-10-29
4549,Customer_4549,Female,24,Bangalore,East,2021-09-04
4550,Customer_4550,Female,55,Lucknow,East,2023-07-09
4551,Customer_4551,Female,38,Pune,North,2021-12-21
4552,Customer_4552,Male,25,Lucknow,North,2021-12-09
4553,Customer_4553,Male,38,Ahmedabad,North,2022-03-10
4554,Customer_4554,Male,37,Chennai,South,2022-01-30
4555,Customer_4555,Male,25,Ahmedabad,South,2021-09-16
4556,Customer_4556,Female,63,Hyderabad,North,2021-03-29
4557,Customer_4557,Male,48,Pune,East,2023-05-18
4558,Customer_4558,Female,46,Chennai,East,2021-06-10
4559,Customer_4559,Female,26,Mumbai,North,2024-10-31
4560,Customer_4560,Female,32,Chennai,West,2023-06-11
4561,Customer_4561,Male,47,Hyderabad,East,2022-02-18
4562,Customer_4562,Female,43,Kolkata,East,2024-07-08
4563,Customer_4563,Male,27,Lucknow,North,2021-10-30
4564,Customer_4564,Male,46,Jaipur,East,2024-05-03
4565,Customer_4565,Female,33,Ahmedabad,South,2022-06-13
4566,Customer_4566,Female,53,Pune,South,2022-10-17
4567,Customer_4567,Female,37,Hyderabad,East,2025-01-29
4568,Customer_4568,Male,62,Delhi,South,2021-05-18
4569,Customer_4569,Female,54,Jaipur,West,2021-06-28
4570,Customer_4570,Male,39,Hyderabad,East,2023-03-06
4571,Customer_4571,Female,24,Delhi,North,2024-02-14
4572,Customer_4572,Female,40,Delhi,South,2023-03-25
4573,Customer_4573,Male,58,Delhi,West,2024-02-05
4574,Customer_4574,Male,57,Kolkata,West,2022-10-30
4575,Customer_4575,Male,46,Chennai,South,2022-07-20
4576,Customer_4576,Male,33,Bangalore,West,2023-12-01
4577,Customer_4577,Male,55,Ahmedabad,East,2023-07-28
4578,Customer_4578,Male,45,Delhi,West,2021-01-26
4579,Customer_4579,Female,55,Hyderabad,South,2024-12-05
4580,Customer_4580,Female,48,Mumbai,West,2024-06-30
4581,Customer_4581,Male,31,Mumbai,South,2024-04-18
4582,Customer_4582,Female,50,Pune,South,2023-12-07
4583,Customer_4583,Male,26,Lucknow,West,2023-05-10
4584,Customer_4584,Female,44,Delhi,South,2021-08-19
4585,Customer_4585,Female,41,Hyderabad,South,2023-04-29
4586,Customer_4586,Male,30,Delhi,North,2021-11-03
4587,Customer_4587,Male,43,Kolkata,East,2021-10-31
4588,Customer_4588,Male,46,Lucknow,South,2024-03-06
4589,Customer_4589,Female,60,Delhi,East,2024-04-19
4590,Customer_4590,Male,45,Ahmedabad,North,2024-04-08
4591,Customer_4591,Female,45,Mumbai,North,2021-07-25
4592,Customer_4592,Male,25,Delhi,North,2021-08-05
4593,Customer_4593,Female,40,Ahmedabad,North,2024-02-27
4594,Customer_4594,Female,46,Ahmedabad,East,2021-07-26
4595,Customer_4595,Male,22,Chennai,West,2022-08-09
4596,Customer_4596,Female,59,Ahmedabad,West,2024-01-02
4597,Customer_4597,Female,24,Lucknow,East,2022-12-06
4598,Customer_4598,Male,59,Mumbai,South,2023-04-22
4599,Customer_4599,Female,53,Pune,East,2022-06-25
4600,Customer_4600,Male,58,Kolkata,South,2023-02-24
4601,Customer_4601,Male,44,Mumbai,South,2024-09-03
4602,Customer_4602,Male,63,Hyderabad,West,2023-09-22
4603,Customer_4603,Male,19,Pune,North,2024-03-17
4604,Customer_4604,Female,42,Ahmedabad,West,2024-06-01
4605,Customer_4605,Female,26,Delhi,West,2023-08-27
4606,Customer_4606,Female,44,Chennai,East,2021-03-18
4607,Customer_4607,Male,18,Pune,East,2021-12-19
4608,Customer_4608,Female,40,Hyderabad,South,2022-07-19
4609,Customer_4609,Female,27,Hyderabad,East,2023-04-06
4610,Customer_4610,Male,59,Pune,South,2021-10-22
4611,Customer_4611,Male,42,Chennai,South,2024-06-20
4612,Customer_4612,Female,20,Ahmedabad,North,2024-05-31
4613,Customer_4613,Male,23,Lucknow,North,2024-10-26
4614,Customer_4614,Male,23,Hyderabad,West,2024-11-21
4615,Customer_4615,Male,19,Ahmedabad,North,2023-04-03
4616,Customer_4616,Male,35,Lucknow,South,2021-03-21
4617,Customer_4617,Female,40,Lucknow,East,2023-03-22
4618,Customer_4618,Male,19,Hyderabad,North,2022-11-10
4619,Customer_4619,Male,29,Pune,North,2024-11-15
4620,Customer_4620,Male,39,Lucknow,North,2022-05-02
4621,Customer_4621,Male,54,Delhi,North,2021-04-11
4622,Customer_4622,Male,37,Mumbai,South,2023-09-01
4623,Customer_4623,Male,56,Kolkata,South,2022-07-05
4624,Customer_4624,Male,41,Hyderabad,West,2023-02-02
4625,Customer_4625,Male,37,Jaipur,East,2021-02-11
4626,Customer_4626,Female,18,Lucknow,West,2022-11-23
4627,Customer_4627,Male,18,Bangalore,West,2022-09-13
4628,Customer_4628,Female,34,Delhi,North,2022-09-29
4629,Customer_4629,Male,18,Jaipur,East,2022-07-29
4630,Customer_4630,Male,62,Ahmedabad,North,2023-10-04
4631,Customer_4631,Male,47,Kolkata,South,2024-11-26
4632,Customer_4632,Male,58,Chennai,West,2024-11-03
4633,Customer_4633,Female,64,Lucknow,East,2021-07-21
4634,Customer_4634,Male,20,Chennai,South,2022-04-12
4635,Customer_4635,Male,63,Kolkata,West,2021-10-03
4636,Customer_4636,Female,28,Delhi,East,2022-09-08
4637,Customer_4637,Female,41,Delhi,West,2023-06-27
4638,Customer_4638,Male,39,Kolkata,East,2022-10-20
4639,Customer_4639,Female,61,Delhi,West,2022-07-06
4640,Customer_4640,Female,62,Lucknow,North,2025-02-01
4641,Customer_4641,Female,43,Kolkata,West,2023-05-04
4642,Customer_4642,Male,30,Hyderabad,West,2024-05-23
4643,Customer_4643,Male,18,Bangalore,East,2024-08-15
4644,Customer_4644,Male,41,Ahmedabad,East,2021-07-02
4645,Customer_4645,Female,27,Mumbai,North,2022-01-20
4646,Customer_4646,Male,52,Pune,East,2023-06-24
4647,Customer_4647,Female,41,Bangalore,West,2022-03-09
4648,Customer_4648,Male,45,Mumbai,East,2023-04-14
4649,Customer_4649,Male,53,Pune,East,2023-09-20
4650,Customer_4650,Female,33,Chennai,East,2023-11-24
4651,Customer_4651,Male,57,Bangalore,North,2023-02-05
4652,Customer_4652,Female,33,Jaipur,North,2021-04-26
4653,Customer_4653,Female,34,Bangalore,South,2023-11-22
4654,Customer_4654,Male,32,Delhi,North,2021-11-22
4655,Customer_4655,Female,33,Lucknow,North,2021-05-15
4656,Customer_4656,Male,32,Lucknow,North,2022-09-30
4657,Customer_4657,Male,51,Mumbai,West,2024-12-24
4658,Customer_4658,Female,28,Delhi,South,2023-11-04
4659,Customer_4659,Male,18,Chennai,West,2023-04-07
4660,Customer_4660,Female,32,Lucknow,North,2021-10-05
4661,Customer_4661,Male,43,Ahmedabad,North,2023-12-10
4662,Customer_4662,Male,21,Chennai,South,2024-03-10
4663,Customer_4663,Male,60,Delhi,South,2021-03-01
4664,Customer_4664,Male,22,Delhi,East,2021-12-22
4665,Customer_4665,Male,52,Mumbai,North,2022-01-30
4666,Customer_4666,Female,30,Hyderabad,North,2022-02-16
4667,Customer_4667,Female,27,Lucknow,West,2021-04-29
4668,Customer_4668,Female,28,Delhi,East,2022-05-26
4669,Customer_4669,Female,35,Delhi,North,2021-03-09
4670,Customer_4670,Female,51,Ahmedabad,West,2023-07-24
4671,Customer_4671,Female,56,Bangalore,South,2021-04-14
4672,Customer_4672,Male,58,Bangalore,West,2023-01-09
4673,Customer_4673,Male,59,Delhi,North,2024-12-14
4674,Customer_4674,Female,40,Chennai,West,2022-02-12
4675,Customer_4675,Female,24,Ahmedabad,West,2022-07-16
4676,Customer_4676,Male,56,Chennai,East,2023-01-25
4677,Customer_4677,Male,20,Pune,East,2023-08-09
4678,Customer_4678,Male,29,Hyderabad,South,2023-11-01
4679,Customer_4679,Female,24,Bangalore,East,2023-03-24
4680,Customer_4680,Female,43,Bangalore,West,2024-07-25
4681,Customer_4681,Female,50,Ahmedabad,East,2021-09-11
4682,Customer_4682,Male,54,Kolkata,North,2024-10-27
4683,Customer_4683,Male,32,Chennai,West,2021-03-04
4684,Customer_4684,Female,19,Lucknow,West,2022-05-11
4685,Customer_4685,Female,58,Ahmedabad,West,2023-02-02
4686,Customer_4686,Male,24,Mumbai,North,2023-09-29
4687,Customer_4687,Male,49,Kolkata,West,2024-05-01
4688,Customer_4688,Male,21,Jaipur,East,2023-07-03
4689,Customer_4689,Male,37,Chennai,North,2021-12-30
4690,Customer_4690,Female,53,Kolkata,West,2023-08-30
4691,Customer_4691,Male,49,Ahmedabad,East,2024-04-16
4692,Customer_4692,Male,45,Lucknow,East,2024-02-04
4693,Customer_4693,Male,30,Mumbai,South,2022-12-18
4694,Customer_4694,Female,18,Hyderabad,East,2022-12-07
4695,Customer_4695,Female,52,Kolkata,East,2021-12-01
4696,Customer_4696,Male,47,Hyderabad,South,2022-06-14
4697,Customer_4697,Male,53,Delhi,South,2024-11-11
4698,Customer_4698,Male,42,Bangalore,North,2021-07-05
4699,Customer_4699,Female,33,Pune,East,2022-08-07
4700,Customer_4700,Female,36,Bangalore,North,2021-02-26
4701,Customer_4701,Female,18,Jaipur,North,2023-03-03
4702,Customer_4702,Male,22,Lucknow,West,2021-04-12
4703,Customer_4703,Female,39,Mumbai,North,2021-11-30
4704,Customer_4704,Male,41,Hyderabad,North,2024-03-17
4705,Customer_4705,Male,60,Ahmedabad,North,2022-03-15
4706,Customer_4706,Male,62,Hyderabad,North,2022-03-30
4707,Customer_4707,Female,54,Lucknow,South,2024-08-18
4708,Customer_4708,Male,53,Ahmedabad,East,2022-04-07
4709,Customer_4709,Female,53,Ahmedabad,West,2024-10-19
4710,Customer_4710,Female,21,Jaipur,South,2022-02-28
4711,Customer_4711,Male,53,Lucknow,West,2022-07-06
4712,Customer_4712,Male,35,Kolkata,West,2024-08-27
4713,Customer_4713,Female,33,Bangalore,South,2023-04-19
4714,Customer_4714,Male,58,Delhi,North,2023-11-18
4715,Customer_4715,Female,35,Hyderabad,South,2021-02-11
4716,Customer_4716,Male,39,Kolkata,West,2024-10-29
4717,Customer_4717,Female,19,Delhi,West,2021-01-19
4718,Customer_4718,Female,38,Mumbai,North,2023-08-29
4719,Customer_4719,Female,53,Pune,South,2021-09-28
4720,Customer_4720,Female,61,Hyderabad,East,2024-08-18
4721,Customer_4721,Male,56,Jaipur,West,2021-12-21
4722,Customer_4722,Male,64,Delhi,South,2024-05-16
4723,Customer_4723,Female,56,Ahmedabad,North,2021-01-18
4724,Customer_4724,Female,46,Kolkata,North,2022-04-04
4725,Customer_4725,Male,43,Bangalore,East,2022-06-01
4726,Customer_4726,Male,38,Jaipur,West,2024-05-30
4727,Customer_4727,Male,34,Hyderabad,East,2022-09-18
4728,Customer_4728,Male,33,Lucknow,East,2024-12-30
4729,Customer_4729,Male,48,Kolkata,East,2024-12-23
4730,Customer_4730,Male,26,Jaipur,East,2024-08-09
4731,Customer_4731,Female,48,Pune,North,2022-07-18
4732,Customer_4732,Male,31,Hyderabad,West,2023-05-18
4733,Customer_4733,Male,54,Mumbai,East,2023-02-11
4734,Customer_4734,Female,19,Bangalore,West,2022-12-16
4735,Customer_4735,Male,63,Mumbai,North,2023-07-30
4736,Customer_4736,Male,31,Delhi,North,2022-06-01
4737,Customer_4737,Male,50,Lucknow,South,2022-03-23
4738,Customer_4738,Male,52,Delhi,South,2023-08-14
4739,Customer_4739,Male,56,Bangalore,West,2022-09-11
4740,Customer_4740,Female,64,Kolkata,South,2024-10-18
4741,Customer_4741,Male,37,Delhi,East,2023-12-03
4742,Customer_4742,Female,19,Lucknow,West,2024-07-01
4743,Customer_4743,Female,58,Chennai,North,2023-03-25
4744,Customer_4744,Male,36,Chennai,North,2024-04-12
4745,Customer_4745,Female,54,Jaipur,East,2021-07-29
4746,Customer_4746,Male,35,Jaipur,South,2021-01-16
4747,Customer_4747,Female,33,Hyderabad,West,2023-11-14
4748,Customer_4748,Female,21,Jaipur,West,2024-09-18
4749,Customer_4749,Male,29,Pune,East,2023-02-06
4750,Customer_4750,Male,46,Jaipur,South,2024-02-24
4751,Customer_4751,Male,24,Pune,West,2024-08-18
4752,Customer_4752,Male,31,Jaipur,East,2024-05-01
4753,Customer_4753,Male,29,Mumbai,West,2024-06-01
4754,Customer_4754,Female,52,Ahmedabad,North,2022-08-02
4755,Customer_4755,Female,22,Pune,West,2022-09-04
4756,Customer_4756,Female,34,Kolkata,West,2024-11-02
4757,Customer_4757,Female,59,Hyderabad,West,2021-08-10
4758,Customer_4758,Female,49,Bangalore,South,2023-09-14
4759,Customer_4759,Female,27,Pune,South,2021-05-11
4760,Customer_4760,Female,60,Delhi,East,2022-11-20
4761,Customer_4761,Male,34,Ahmedabad,South,2022-07-21
4762,Customer_4762,Male,22,Mumbai,West,2024-08-04
4763,Customer_4763,Female,62,Chennai,West,2022-10-28
4764,Customer_4764,Female,59,Mumbai,South,2022-07-22
4765,Customer_4765,Male,26,Jaipur,South,2022-06-19
4766,Customer_4766,Male,50,Hyderabad,West,2024-09-05
4767,Customer_4767,Male,53,Ahmedabad,West,2024-12-27
4768,Customer_4768,Male,53,Delhi,North,2024-08-27
4769,Customer_4769,Female,35,Pune,East,2022-09-04
4770,Customer_4770,Male,26,Mumbai,South,2022-01-21
4771,Customer_4771,Female,46,Ahmedabad,East,2021-11-04
4772,Customer_4772,Female,31,Pune,West,2023-11-26
4773,Customer_4773,Female,42,Hyderabad,East,2022-05-08
4774,Customer_4774,Male,32,Bangalore,South,2021-04-27
4775,Customer_4775,Male,23,Chennai,South,2024-05-13
4776,Customer_4776,Female,59,Hyderabad,East,2023-04-08
4777,Customer_4777,Female,46,Jaipur,South,2024-09-14
4778,Customer_4778,Female,32,Lucknow,North,2022-10-17
4779,Customer_4779,Male,46,Bangalore,West,2024-10-26
4780,Customer_4780,Female,21,Jaipur,West,2021-10-14
4781,Customer_4781,Male,35,Mumbai,South,2025-01-17
4782,Customer_4782,Female,61,Bangalore,West,2021-02-22
4783,Customer_4783,Female,56,Jaipur,North,2024-09-04
4784,Customer_4784,Female,33,Bangalore,South,2023-10-16
4785,Customer_4785,Male,28,Hyderabad,North,2022-08-29
4786,Customer_4786,Male,31,Ahmedabad,North,2022-06-16
4787,Customer_4787,Female,20,Chennai,West,2023-05-08
4788,Customer_4788,Male,59,Chennai,West,2023-04-09
4789,Customer_4789,Female,55,Jaipur,East,2023-03-07
4790,Customer_4790,Male,62,Jaipur,North,2021-03-14
4791,Customer_4791,Male,59,Bangalore,West,2024-04-09
4792,Customer_4792,Male,35,Mumbai,North,2024-12-21
4793,Customer_4793,Female,37,Jaipur,East,2024-03-17
4794,Customer_4794,Male,42,Bangalore,North,2022-01-24
4795,Customer_4795,Male,55,Kolkata,South,2022-12-04
4796,Customer_4796,Female,30,Chennai,East,2025-01-27
4797,Customer_4797,Female,21,Jaipur,East,2024-12-31
4798,Customer_4798,Female,31,Hyderabad,North,2022-04-01
4799,Customer_4799,Female,50,Delhi,North,2024-11-06
4800,Customer_4800,Male,45,Bangalore,West,2023-12-31
4801,Customer_4801,Male,54,Chennai,South,2024-07-31
4802,Customer_4802,Male,25,Jaipur,East,2023-09-02
4803,Customer_4803,Male,61,Ahmedabad,East,2024-10-07
4804,Customer_4804,Male,51,Bangalore,East,2023-01-05
4805,Customer_4805,Female,61,Mumbai,West,2023-11-05
4806,Customer_4806,Male,22,Jaipur,South,2022-09-07
4807,Customer_4807,Male,22,Bangalore,East,2021-12-15
4808,Customer_4808,Male,48,Jaipur,East,2024-09-08
4809,Customer_4809,Female,62,Lucknow,West,2024-02-18
4810,Customer_4810,Female,26,Delhi,North,2022-01-06
4811,Customer_4811,Male,59,Pune,East,2022-08-25
4812,Customer_4812,Female,49,Pune,South,2021-07-19
4813,Customer_4813,Female,50,Lucknow,South,2023-08-23
4814,Customer_4814,Female,20,Bangalore,South,2021-09-20
4815,Customer_4815,Female,47,Mumbai,South,2022-06-14
4816,Customer_4816,Female,29,Jaipur,West,2025-01-25
4817,Customer_4817,Female,46,Bangalore,East,2024-02-19
4818,Customer_4818,Female,20,Ahmedabad,West,2022-01-10
4819,Customer_4819,Male,43,Mumbai,South,2024-10-24
4820,Customer_4820,Male,47,Ahmedabad,South,2022-11-19
4821,Customer_4821,Female,26,Lucknow,South,2024-09-02
4822,Customer_4822,Male,43,Hyderabad,West,2021-07-02
4823,Customer_4823,Male,19,Pune,South,2022-04-01
4824,Customer_4824,Female,20,Pune,East,2022-12-29
4825,Customer_4825,Male,63,Jaipur,South,2022-04-03
4826,Customer_4826,Female,21,Delhi,East,2022-09-21
4827,Customer_4827,Female,42,Lucknow,East,2023-05-12
4828,Customer_4828,Female,30,Bangalore,South,2022-11-10
4829,Customer_4829,Male,56,Lucknow,West,2023-02-01
4830,Customer_4830,Male,61,Bangalore,North,2022-06-18
4831,Customer_4831,Male,52,Lucknow,North,2024-04-14
4832,Customer_4832,Male,40,Hyderabad,East,2022-08-26
4833,Customer_4833,Female,26,Kolkata,West,2023-08-08
4834,Customer_4834,Female,19,Delhi,North,2021-08-30
4835,Customer_4835,Male,58,Bangalore,South,2023-08-22
4836,Customer_4836,Female,61,Delhi,South,2021-04-20
4837,Customer_4837,Female,48,Mumbai,East,2024-07-23
4838,Customer_4838,Male,61,Lucknow,West,2024-04-10
4839,Customer_4839,Female,64,Jaipur,West,2024-04-03
4840,Customer_4840,Male,19,Chennai,North,2024-06-25
4841,Customer_4841,Female,49,Mumbai,North,2021-05-26
4842,Customer_4842,Male,35,Ahmedabad,South,2023-08-26
4843,Customer_4843,Female,30,Pune,East,2022-02-03
4844,Customer_4844,Female,63,Chennai,West,2023-10-22
4845,Customer_4845,Male,22,Hyderabad,North,2021-09-03
4846,Customer_4846,Male,59,Lucknow,North,2024-10-26
4847,Customer_4847,Male,61,Kolkata,East,2023-02-21
4848,Customer_4848,Male,27,Hyderabad,East,2023-12-22
4849,Customer_4849,Female,60,Bangalore,South,2022-09-04
4850,Customer_4850,Female,42,Chennai,East,2023-04-27
4851,Customer_4851,Male,51,Pune,South,2021-04-21
4852,Customer_4852,Female,54,Jaipur,South,2021-11-05
4853,Customer_4853,Male,47,Kolkata,East,2021-10-09
4854,Customer_4854,Male,24,Delhi,East,2022-02-15
4855,Customer_4855,Female,23,Lucknow,East,2022-12-03
4856,Customer_4856,Female,20,Bangalore,East,2023-04-19
4857,Customer_4857,Male,30,Lucknow,East,2024-03-12
4858,Customer_4858,Male,20,Hyderabad,South,2023-07-27
4859,Customer_4859,Male,43,Chennai,North,2021-10-21
4860,Customer_4860,Female,41,Hyderabad,West,2022-10-10
4861,Customer_4861,Female,23,Chennai,West,2025-01-05
4862,Customer_4862,Female,60,Jaipur,South,2022-01-05
4863,Customer_4863,Female,59,Pune,South,2021-06-15
4864,Customer_4864,Male,29,Delhi,North,2023-09-26
4865,Customer_4865,Male,53,Jaipur,East,2022-11-13
4866,Customer_4866,Male,19,Mumbai,South,2024-07-16
4867,Customer_4867,Male,28,Pune,West,2021-12-29
4868,Customer_4868,Male,56,Jaipur,East,2022-10-04
4869,Customer_4869,Male,51,Kolkata,South,2024-07-23
4870,Customer_4870,Female,43,Lucknow,East,2021-04-29
4871,Customer_4871,Female,35,Hyderabad,West,2021-01-10
4872,Customer_4872,Male,38,Pune,East,2023-07-15
4873,Customer_4873,Male,53,Kolkata,South,2022-07-15
4874,Customer_4874,Female,57,Hyderabad,South,2022-03-05
4875,Customer_4875,Female,63,Mumbai,West,2021-12-12
4876,Customer_4876,Female,61,Ahmedabad,North,2024-03-26
4877,Customer_4877,Female,39,Pune,North,2021-11-21
4878,Customer_4878,Male,47,Kolkata,East,2023-09-30
4879,Customer_4879,Male,60,Hyderabad,South,2021-06-30
4880,Customer_4880,Male,47,Hyderabad,South,2021-09-23
4881,Customer_4881,Male,25,Jaipur,West,2024-06-12
4882,Customer_4882,Male,51,Chennai,West,2023-06-08
4883,Customer_4883,Female,64,Jaipur,South,2024-07-21
4884,Customer_4884,Male,26,Kolkata,West,2023-05-30
4885,Customer_4885,Female,37,Bangalore,North,2023-04-07
4886,Customer_4886,Male,57,Lucknow,North,2023-05-29
4887,Customer_4887,Male,42,Pune,East,2023-09-05
4888,Customer_4888,Male,36,Jaipur,West,2023-02-25
4889,Customer_4889,Male,22,Hyderabad,East,2021-01-10
4890,Customer_4890,Male,28,Hyderabad,West,2021-03-19
4891,Customer_4891,Female,32,Ahmedabad,West,2023-12-30
4892,Customer_4892,Female,25,Pune,North,2022-02-13
4893,Customer_4893,Female,36,Ahmedabad,South,2025-02-05
4894,Customer_4894,Male,40,Lucknow,West,2023-02-04
4895,Customer_4895,Male,44,Mumbai,West,2021-01-29
4896,Customer_4896,Female,57,Jaipur,West,2022-10-22
4897,Customer_4897,Male,49,Delhi,South,2023-12-24
4898,Customer_4898,Male,43,Kolkata,East,2022-01-26
4899,Customer_4899,Female,44,Kolkata,East,2021-02-06
4900,Customer_4900,Male,36,Mumbai,West,2024-10-17
4901,Customer_4901,Female,59,Pune,West,2021-01-09
4902,Customer_4902,Male,46,Jaipur,East,2024-07-07
4903,Customer_4903,Female,56,Lucknow,East,2022-05-25
4904,Customer_4904,Male,58,Chennai,North,2022-04-09
4905,Customer_4905,Male,50,Ahmedabad,West,2024-11-21
4906,Customer_4906,Female,36,Mumbai,East,2022-12-07
4907,Customer_4907,Male,54,Chennai,North,2022-10-02
4908,Customer_4908,Male,36,Ahmedabad,South,2021-09-22
4909,Customer_4909,Female,50,Mumbai,West,2021-07-30
4910,Customer_4910,Male,64,Kolkata,East,2023-02-25
4911,Customer_4911,Female,33,Kolkata,West,2023-10-28
4912,Customer_4912,Male,40,Hyderabad,North,2024-04-20
4913,Customer_4913,Male,24,Ahmedabad,East,2022-09-19
4914,Customer_4914,Male,43,Delhi,South,2021-12-09
4915,Customer_4915,Male,49,Lucknow,South,2021-05-14
4916,Customer_4916,Female,29,Bangalore,North,2021-04-04
4917,Customer_4917,Male,25,Pune,South,2022-09-03
4918,Customer_4918,Female,22,Pune,South,2022-08-19
4919,Customer_4919,Male,59,Ahmedabad,South,2023-07-23
4920,Customer_4920,Male,45,Mumbai,South,2025-01-30
4921,Customer_4921,Male,22,Mumbai,South,2023-12-02
4922,Customer_4922,Male,43,Bangalore,South,2024-05-06
4923,Customer_4923,Female,22,Lucknow,South,2023-12-10
4924,Customer_4924,Female,39,Jaipur,East,2022-11-23
4925,Customer_4925,Female,32,Lucknow,South,2023-06-08
4926,Customer_4926,Female,30,Jaipur,East,2024-11-07
4927,Customer_4927,Male,45,Bangalore,West,2021-10-02
4928,Customer_4928,Female,50,Jaipur,North,2022-12-03
4929,Customer_4929,Female,60,Delhi,South,2023-10-01
4930,Customer_4930,Male,40,Hyderabad,North,2023-01-06
4931,Customer_4931,Male,50,Lucknow,South,2022-01-21
4932,Customer_4932,Male,60,Jaipur,East,2021-12-04
4933,Customer_4933,Male,35,Kolkata,South,2023-04-07
4934,Customer_4934,Female,47,Delhi,West,2021-02-09
4935,Customer_4935,Female,43,Lucknow,North,2022-04-13
4936,Customer_4936,Male,33,Jaipur,North,2022-04-05
4937,Customer_4937,Male,30,Kolkata,West,2025-01-29
4938,Customer_4938,Male,56,Bangalore,East,2021-09-26
4939,Customer_4939,Female,50,Bangalore,East,2022-03-09
4940,Customer_4940,Female,43,Ahmedabad,West,2021-02-14
4941,Customer_4941,Male,18,Pune,North,2024-04-22
4942,Customer_4942,Male,55,Chennai,South,2023-10-31
4943,Customer_4943,Female,19,Kolkata,East,2021-12-13
4944,Customer_4944,Male,23,Ahmedabad,South,2021-09-10
4945,Customer_4945,Male,63,Delhi,North,2023-01-21
4946,Customer_4946,Female,55,Jaipur,South,2024-12-27
4947,Customer_4947,Male,59,Lucknow,West,2024-08-25
4948,Customer_4948,Female,41,Mumbai,East,2021-03-18
4949,Customer_4949,Male,35,Kolkata,East,2023-02-08
4950,Customer_4950,Male,44,Chennai,West,2024-08-04
4951,Customer_4951,Female,58,Mumbai,West,2022-06-08
4952,Customer_4952,Female,25,Hyderabad,East,2024-01-01
4953,Customer_4953,Male,45,Chennai,East,2024-06-30
4954,Customer_4954,Female,27,Ahmedabad,East,2021-04-10
4955,Customer_4955,Male,34,Chennai,North,2024-05-01
4956,Customer_4956,Male,46,Jaipur,North,2021-04-09
4957,Customer_4957,Female,23,Lucknow,North,2024-09-17
4958,Customer_4958,Male,31,Delhi,South,2021-08-10
4959,Customer_4959,Male,39,Mumbai,North,2024-08-31
4960,Customer_4960,Female,23,Chennai,East,2021-02-10
4961,Customer_4961,Female,43,Jaipur,North,2021-04-09
4962,Customer_4962,Male,56,Bangalore,East,2024-11-13
4963,Customer_4963,Female,29,Chennai,West,2021-08-26
4964,Customer_4964,Female,52,Chennai,South,2023-05-04
4965,Customer_4965,Female,31,Pune,South,2023-06-29
4966,Customer_4966,Female,39,Mumbai,West,2023-02-18
4967,Customer_4967,Male,40,Pune,East,2021-09-11
4968,Customer_4968,Male,24,Pune,South,2024-01-26
4969,Customer_4969,Male,57,Lucknow,North,2022-06-02
4970,Customer_4970,Female,42,Jaipur,East,2023-08-30
4971,Customer_4971,Female,30,Pune,South,2024-12-08
4972,Customer_4972,Female,38,Chennai,West,2021-11-10
4973,Customer_4973,Female,58,Ahmedabad,East,2022-02-25
4974,Customer_4974,Female,27,Ahmedabad,South,2024-11-24
4975,Customer_4975,Female,26,Bangalore,West,2024-11-05
4976,Customer_4976,Female,32,Ahmedabad,East,2024-07-14
4977,Customer_4977,Male,19,Bangalore,North,2021-01-20
4978,Customer_4978,Male,42,Ahmedabad,East,2022-09-09
4979,Customer_4979,Female,30,Hyderabad,North,2023-05-12
4980,Customer_4980,Female,51,Bangalore,East,2024-09-17
4981,Customer_4981,Female,51,Kolkata,West,2021-07-26
4982,Customer_4982,Male,52,Mumbai,North,2024-09-18
4983,Customer_4983,Male,55,Mumbai,North,2023-12-02
4984,Customer_4984,Female,20,Mumbai,East,2022-07-07
4985,Customer_4985,Female,59,Jaipur,South,2024-06-29
4986,Customer_4986,Male,23,Lucknow,North,2024-05-25
4987,Customer_4987,Male,36,Delhi,East,2024-12-06
4988,Customer_4988,Male,20,Lucknow,West,2021-10-08
4989,Customer_4989,Male,35,Bangalore,East,2023-05-08
4990,Customer_4990,Female,56,Lucknow,East,2021-08-03
4991,Customer_4991,Male,26,Ahmedabad,North,2023-11-14
4992,Customer_4992,Male,29,Bangalore,South,2025-01-12
4993,Customer_4993,Female,22,Lucknow,West,2024-06-19
4994,Customer_4994,Male,20,Lucknow,North,2021-08-30
4995,Customer_4995,Male,28,Pune,North,2022-08-02
4996,Customer_4996,Male,47,Hyderabad,North,2021-08-22
4997,Customer_4997,Female,21,Jaipur,West,2021-08-06
4998,Customer_4998,Male,22,Bangalore,South,2023-10-17
4999,Customer_4999,Female,18,Delhi,West,2022-02-11
5000,Customer_5000,Female,44,Mumbai,West,2024-06-01
